,Name,Label,Location,Price,Kms_driven,Fuel_type,Owner,Year,Company
0,Ford Figo Duratec,PLATINUM,Bangalore,380000,35056,Petrol,,2015,Ford
1,Maruti Suzuki Wagon,PLATINUM,Bangalore,465000,44000,Petrol,,2016,Maruti
2,Hyundai Creta 1.6,PLATINUM,Bangalore,1350000,42917,Petrol,,2018,Hyundai
3,Hyundai Venue -,PLATINUM,Chennai,1019699,16112,Petrol, 2nd Owner,2019,Hyundai
4,Honda Jazz -,PLATINUM,Pune,713499,30988,Petrol, 2nd Owner,2017,Honda
5,Hyundai i20 -,PLATINUM,Pune,391099,69163,Diesel, 2nd Owner,2013,Hyundai
6,Maruti Suzuki Swift,PLATINUM,Pune,474299,42859,Petrol, 2nd Owner,2015,Maruti
7,Toyota Corolla Altis,PLATINUM,Pune,1252999,34919,Petrol, 1st Owner,2017,Toyota
8,Honda Amaze -,PLATINUM,Pune,393699,44940,Petrol,,2013,Honda
9,Hyundai Elite i20,PLATINUM,Pune,730899,13687,Petrol, 1st Owner,2017,Hyundai
10,Maruti Suzuki Alto,PLATINUM,Pune,343099,29848,Petrol, 2nd Owner,2018,Maruti
11,Honda Jazz -,PLATINUM,Pune,707599,21426,Petrol, 2nd Owner,2018,Honda
12,Maruti Suzuki Baleno,PLATINUM,Pune,688899,68177,Diesel, 2nd Owner,2016,Maruti
13,Jeep Compass -,PLATINUM,Pune,1421599,70650,Diesel, 1st Owner,2017,Jeep
14,Maruti Suzuki Alto,PLATINUM,Pune,399999,25730,Petrol, 2nd Owner,2017,Maruti
15,Kia Seltos -,PLATINUM,Pune,1473299,47096,Petrol, 2nd Owner,2019,Kia
16,Toyota Innova 2.5,GOLD,Bangalore,1025000,131000,Diesel,,2012,Toyota
17,Hyundai Elite i20,GOLD,Bangalore,735000,26000,Petrol,,2016,Hyundai
18,Hyundai Creta 1.6,GOLD,Chennai,600000,58460,Diesel, 1st Owner,2019,Hyundai
19,Kia Seltos -,GOLD,Chennai,800000,48000,Petrol, 1st Owner,2020,Kia
20,Maruti Suzuki Ciaz,GOLD,Hyderabad,700000,26600,Petrol,,2017,Maruti
21,Ford EcoSport Titanium,GOLD,Faridabad,820000,36000,Petrol,,2019,Ford
22,Tata Nano Twist,GOLD,Chennai,195000,39500,Petrol,,2014,Tata
23,Audi Q7 3.0,GOLD,Chennai,1850000,76000,Diesel,,2011,Audi
24,Ford Ecosport -,PLATINUM,Pune,807499,23698,Petrol, 1st Owner,2017,Ford
25,Hyundai Grand i10,PLATINUM,Pune,522999,37860,Petrol, 2nd Owner,2016,Hyundai
26,Maruti Suzuki Swift,PLATINUM,Pune,474299,91830,Petrol, 2nd Owner,2015,Maruti
27,Hyundai Elite i20,PLATINUM,Pune,740899,31172,Petrol, 2nd Owner,2019,Hyundai
28,Toyota Yaris -,PLATINUM,Pune,1141999,3243,Petrol, 2nd Owner,2021,Toyota
29,Tata Nexon -,PLATINUM,Pune,971299,9616,Petrol, 2nd Owner,2020,Tata
30,Maruti Suzuki Baleno,PLATINUM,Pune,640999,30249,Petrol, 2nd Owner,2017,Maruti
31,Maruti Suzuki Baleno,PLATINUM,Pune,676199,60875,Petrol, 2nd Owner,2019,Maruti
32,Maruti Suzuki Swift,PLATINUM,Chennai,562399,25740,Petrol, 2nd Owner,2017,Maruti
33,Ford Ecosport 1.0,PLATINUM,Pune,580899,38587,Petrol, 2nd Owner,2014,Ford
34,Renault Triber -,PLATINUM,Pune,770999,3108,Petrol, 2nd Owner,2021,Renault
35,Honda Amaze -,PLATINUM,Pune,531399,35353,Petrol, 2nd Owner,2016,Honda
36,Hyundai EON Magna,PLATINUM,Pune,367299,34748,Petrol, 2nd Owner,2017,Hyundai
37,Maruti Suzuki Alto,PLATINUM,Pune,412199,2359,Petrol, 2nd Owner,2020,Maruti
38,Hyundai Creta S,PLATINUM,Pune,1460099,17814,Diesel, 2nd Owner,2020,Hyundai
39,Maruti Suzuki Baleno,PLATINUM,Pune,618699,68934,Petrol, 2nd Owner,2018,Maruti
40,Hyundai i20 Asta,GOLD,Bangalore,485000,72600,Petrol, 2nd Owner,2014,Hyundai
41,BMW 3 Series,GOLD,Chennai,890000,81000,Diesel,,2010,BMW
42,Nissan Micra XV,GOLD,Chennai,245000,80000,Diesel, 1st Owner,2012,Nissan
43,Toyota Glanza V,GOLD,Bangalore,945000,12000,Petrol,,2020,Toyota
44,Maruti Suzuki Swift,GOLD,Bangalore,590000,6000,Petrol,,2016,Maruti
45,Honda Brio S,GOLD,Bangalore,495000,56000,Petrol,,2017,Honda
46,Maruti Suzuki Wagon,GOLD,Bangalore,475000,56000,Petrol,,2017,Maruti
47,MG Motors Hector,GOLD,Chennai,1200000,36000,Diesel, 1st Owner,2020,MG
48,Maruti Suzuki Wagon,PLATINUM,Pune,490199,15840,Petrol, 2nd Owner,2017,Maruti
50,Maruti Suzuki Vitara,PLATINUM,Pune,920999,32482,Diesel, 2nd Owner,2017,Maruti
51,Honda City -,PLATINUM,Pune,554399,113779,Diesel, 2nd Owner,2014,Honda
52,Maruti Suzuki Wagon,PLATINUM,Pune,408999,26150,Petrol, 2nd Owner,2017,Maruti
53,Mahindra XUV 500,PLATINUM,Pune,1248299,34555,Diesel, 2nd Owner,2018,Mahindra
54,Maruti Suzuki Baleno,PLATINUM,Pune,636099,30880,Petrol, 1st Owner,2018,Maruti
55,Hyundai i20 Asta,PLATINUM,Pune,452699,70423,Petrol, 1st Owner,2013,Hyundai
56,Hyundai Elite i20,PLATINUM,Pune,704399,30232,Diesel, 2nd Owner,2018,Hyundai
57,Volkswagen Polo -,PLATINUM,Pune,553599,50077,Petrol, 2nd Owner,2016,Volkswagen
58,Ford Ecosport -,PLATINUM,Pune,999599,18482,Diesel, 2nd Owner,2018,Ford
59,Maruti Suzuki Baleno,PLATINUM,Pune,684699,10246,Petrol, 2nd Owner,2018,Maruti
60,Maruti Suzuki Baleno,PLATINUM,Pune,620399,25021,Petrol, 2nd Owner,2016,Maruti
61,Hyundai Elite i20,PLATINUM,Pune,549899,70646,Petrol, 2nd Owner,2014,Hyundai
62,Maruti Suzuki Vitara,PLATINUM,Pune,812899,45490,Diesel, 2nd Owner,2018,Maruti
63,Ford Ecosport -,PLATINUM,Chennai,656699,53306,Diesel, 2nd Owner,2016,Ford
64,Hyundai Creta 1.6,GOLD,Chennai,725000,58460,Diesel, 1st Owner,2019,Hyundai
65,Hyundai Venue -,GOLD,Chennai,600000,29000,Diesel, 1st Owner,2019,Hyundai
66,Volvo XC90 D5,GOLD,Chennai,3700000,110000,Diesel,,2016,Volvo
67,Mahindra XUV 500,GOLD,Chennai,735000,95000,Diesel,,2013,Mahindra
68,Toyota Fortuner 3.0,GOLD,Chennai,1350000,170000,Diesel,,2012,Toyota
69,Honda Jazz VX,GOLD,Pune,365000,80000,Petrol,,2013,Honda
70,Hyundai i10 Asta,GOLD,Pune,280000,58000,Petrol,,2011,Hyundai
71,Tata Nexon XM,GOLD,Pune,840000,22000,Diesel,,2019,Tata
72,Hyundai Creta 1.6,PLATINUM,Pune,818599,69215,Petrol, 1st Owner,2017,Hyundai
73,Hyundai Verna 1.6,PLATINUM,Pune,862399,33340,Petrol, 1st Owner,2018,Hyundai
74,Renault Triber -,PLATINUM,Pune,673599,9783,Petrol, 2nd Owner,2019,Renault
75,Hyundai Santro Sportz,PLATINUM,Pune,528899,15110,Petrol, 2nd Owner,2018,Hyundai
76,Maruti Suzuki S,PLATINUM,Pune,527999,3399,Petrol, 2nd Owner,2021,Maruti
77,Mahindra XUV 500,PLATINUM,Pune,791699,89310,Diesel, 1st Owner,2013,Mahindra
78,Maruti Suzuki Wagon,PLATINUM,Chennai,392999,53148,Petrol, 1st Owner,2015,Maruti
79,Honda City VX,PLATINUM,Pune,690199,42020,Petrol, 1st Owner,2015,Honda
80,Maruti Suzuki Swift,PLATINUM,Pune,474699,74594,Diesel, 2nd Owner,2013,Maruti
81,MG Motors Hector,PLATINUM,Pune,2019899,6110,Petrol, 2nd Owner,2021,MG
82,Hyundai Grand i10,PLATINUM,Pune,562299,24346,Petrol, 2nd Owner,2017,Hyundai
83,Jeep Compass -,PLATINUM,Pune,1400999,65668,Diesel, 1st Owner,2017,Jeep
84,Renault Kwid -,PLATINUM,Pune,447599,48644,Petrol, 2nd Owner,2018,Renault
85,Toyota Innova Crysta,PLATINUM,Pune,1814599,36877,Diesel, 2nd Owner,2018,Toyota
86,Tata Nexon -,PLATINUM,Pune,920399,79673,Diesel, 2nd Owner,2018,Tata
87,Maruti Suzuki Swift,PLATINUM,Pune,447599,54352,Petrol, 2nd Owner,2014,Maruti
88,Tata Zest XMS,GOLD,Pune,390000,64000,Diesel,,2016,Tata
89,Ford Freestyle TITANIUM,GOLD,Kanchipuram,650000,54000,Diesel,,2018,Ford
90,Maruti Suzuki Swift,GOLD,Chennai,575000,40000,Petrol,,2017,Maruti
91,Mahindra Xylo -,GOLD,Kozhikode,525000,107000,Diesel, 1st Owner,2015,Mahindra
92,Mahindra Xylo -,GOLD,Kozhikode,525000,107000,Diesel, 2nd Owner,2015,Mahindra
93,BMW 5 Series,GOLD,Kolkata,1000000,38000,Diesel,,2011,BMW
94,Hyundai i20 Magna,GOLD,Bangalore,325000,86000,Petrol,,2010,Hyundai
95,Jeep Compass Limited,GOLD,Mumbai,3000000,10000,Diesel,,2021,Jeep
96,Maruti Suzuki Alto,PLATINUM,Pune,343299,48658,Petrol, 2nd Owner,2017,Maruti
97,MG Motors Hector,PLATINUM,Pune,1711499,11998,Petrol, 2nd Owner,2020,MG
98,Maruti Suzuki Vitara,PLATINUM,Pune,918799,32513,Diesel, 2nd Owner,2018,Maruti
99,Hyundai Grand i10,PLATINUM,Pune,526399,21372,Petrol, 2nd Owner,2016,Hyundai
100,Volkswagen Vento -,PLATINUM,Pune,881099,34178,Petrol, 1st Owner,2017,Volkswagen
101,Kia Seltos -,PLATINUM,Pune,1764199,20547,Petrol, 2nd Owner,2019,Kia
102,Maruti Suzuki Baleno,PLATINUM,Pune,639199,34731,Petrol, 2nd Owner,2016,Maruti
103,Hyundai Grand i10,PLATINUM,Pune,522999,30536,Petrol, 1st Owner,2016,Hyundai
104,MG Motors Hector,PLATINUM,Bangalore,1917599,10205,Diesel, 2nd Owner,2019,MG
105,Maruti Suzuki Wagon,PLATINUM,Pune,466599,25483,Petrol, 2nd Owner,2017,Maruti
106,Toyota Corolla Altis,PLATINUM,Pune,1397699,39113,Petrol, 2nd Owner,2017,Toyota
107,Maruti Suzuki Ignis,PLATINUM,Pune,504399,43152,Petrol, 2nd Owner,2017,Maruti
108,MG Motors Hector,PLATINUM,Pune,1920399,5325,Petrol, 2nd Owner,2020,MG
109,Ford Ecosport -,PLATINUM,Pune,917599,44705,Petrol, 2nd Owner,2018,Ford
110,Toyota Etios -,PLATINUM,Pune,319099,70022,Petrol, 2nd Owner,2011,Toyota
111,Maruti Suzuki Celerio,PLATINUM,Pune,484399,47435,Petrol, 2nd Owner,2017,Maruti
112,Volkswagen Polo HIGHLINE1.2L,GOLD,Chennai,290000,89000,Petrol,,2010,Volkswagen
113,Mahindra Thar DI,GOLD,Chennai,1790000,9826,Petrol,,2021,Mahindra
114,Ford EcoSport Trend,GOLD,Chennai,650000,83000,Diesel,,2017,Ford
115,Honda City 1.5,GOLD,Lucknow,73000,195000,Petrol, 2nd Owner,2001,Honda
116,Toyota Innova Crysta,GOLD,Chennai,2200000,35000,Diesel,,2019,Toyota
117,Hyundai Verna 1.6,GOLD,Coimbatore,1550000,13000,Petrol, 1st Owner,2022,Hyundai
118,Mahindra e2o T2,GOLD,Bangalore,420000,46000,Electric, 1st Owner,2016,Mahindra
119,Toyota Fortuner 4x4,GOLD,Kolkata,1595000,72000,Diesel, 1st Owner,2015,Toyota
120,Hyundai Xcent -,PLATINUM,Pune,573499,29026,Petrol, 2nd Owner,2016,Hyundai
121,Hyundai Creta 1.6,PLATINUM,Pune,879199,59258,Petrol, 2nd Owner,2015,Hyundai
122,Mahindra XUV 500,PLATINUM,Pune,733399,120399,Diesel, 1st Owner,2014,Mahindra
123,Maruti Suzuki Vitara,PLATINUM,Pune,967599,28853,Diesel, 2nd Owner,2018,Maruti
124,Honda City -,PLATINUM,Pune,1539299,9811,Petrol, 2nd Owner,2020,Honda
125,Hyundai i20 Active,PLATINUM,Pune,561499,43538,Petrol, 2nd Owner,2015,Hyundai
126,Hyundai Creta -,PLATINUM,Pune,1042699,66400,Petrol, 2nd Owner,2017,Hyundai
127,Maruti Suzuki S,PLATINUM,Pune,1032099,59341,Diesel, 2nd Owner,2017,Maruti
128,Hyundai Creta -,PLATINUM,Pune,903499,56246,Petrol, 2nd Owner,2016,Hyundai
129,Honda Amaze -,PLATINUM,Pune,472499,35944,Petrol, 2nd Owner,2014,Honda
130,Honda WR V,PLATINUM,Pune,771299,17699,Petrol, 2nd Owner,2018,Honda
131,Maruti Suzuki Wagon,PLATINUM,Pune,447099,41065,Petrol, 2nd Owner,2017,Maruti
132,Renault Kwid -,PLATINUM,Pune,504599,2311,Petrol, 2nd Owner,2019,Renault
133,Hyundai Grand i10,PLATINUM,Pune,620999,2991,Petrol, 2nd Owner,2018,Hyundai
134,Hyundai Grand i10,PLATINUM,Pune,433999,29762,Petrol, 2nd Owner,2015,Hyundai
135,Skoda Rapid -,PLATINUM,Pune,627499,91917,Diesel, 2nd Owner,2016,Skoda
136,Maruti Suzuki Swift,GOLD,Delhi,360000,0,Diesel,,2014,Maruti
137,Toyota Fortuner 3.0,GOLD,Bangalore,1375000,131000,Diesel,,2012,Toyota
138,Maruti Suzuki 800,GOLD,Chennai,69000,85000,Petrol,,2000,Maruti
139,Tata Nano -,GOLD,Chennai,89000,37000,Petrol,,2011,Tata
140,Tata Indica -,GOLD,Chennai,89000,67000,Diesel,,2011,Tata
141,Audi Q7 3.0,GOLD,Mumbai,2200000,120000,Diesel,,2013,Audi
142,Jaguar XJ L,GOLD,Mumbai,4425000,71000,Diesel,,2016,Jaguar
143,Mercedes Benz GL,GOLD,Mumbai,4450000,105000,Diesel,,2016,Mercedes
145,Maruti Suzuki Dzire,PLATINUM,Pune,704199,30771,Petrol, 2nd Owner,2018,Maruti
146,Hyundai Santro Sportz,PLATINUM,Pune,513099,29488,Petrol, 2nd Owner,2018,Hyundai
147,Renault Kwid -,PLATINUM,Pune,469399,36559,Petrol, 2nd Owner,2019,Renault
148,Honda WR V,PLATINUM,Pune,844199,38242,Diesel, 2nd Owner,2018,Honda
149,Maruti Suzuki Ignis,PLATINUM,Pune,544799,66426,Petrol, 1st Owner,2017,Maruti
150,Volkswagen Polo -,PLATINUM,Pune,710899,16950,Petrol, 2nd Owner,2018,Volkswagen
151,Maruti Suzuki Baleno,PLATINUM,Pune,580599,18866,Petrol, 2nd Owner,2016,Maruti
152,Maruti Suzuki Swift,PLATINUM,Pune,638499,53245,Diesel, 1st Owner,2017,Maruti
153,Hyundai Verna -,PLATINUM,Pune,654699,44543,Petrol, 1st Owner,2016,Hyundai
154,Maruti Suzuki S,PLATINUM,Pune,894199,50128,Diesel, 1st Owner,2018,Maruti
155,Maruti Suzuki S,PLATINUM,Pune,858599,56349,Diesel, 2nd Owner,2018,Maruti
156,Maruti Suzuki S,PLATINUM,Pune,992199,69524,Diesel, 2nd Owner,2017,Maruti
157,Volkswagen Polo -,PLATINUM,Pune,714999,41218,Petrol, 1st Owner,2017,Volkswagen
158,Maruti Suzuki Baleno,PLATINUM,Pune,765599,9085,Petrol, 1st Owner,2020,Maruti
159,MG Motors Hector,PLATINUM,Bangalore,1800299,11292,Diesel, 2nd Owner,2019,MG
160,Mercedes Benz C,GOLD,Mumbai,1190000,75000,Diesel, 2nd Owner,2011,Mercedes
161,Hyundai Creta 1.6,GOLD,Hyderabad,1452000,28000,Diesel,,2018,Hyundai
162,Skoda Rapid Style,GOLD,Hyderabad,1026000,48000,Diesel,,2018,Skoda
163,Maruti Suzuki Ertiga,GOLD,Hyderabad,821000,51000,Diesel,,2017,Maruti
164,Hyundai Grand i10,GOLD,Chennai,725000,24990,Petrol,,2020,Hyundai
165,Maruti Suzuki Ertiga,GOLD,Delhi,600000,48600,Diesel, 1st Owner,2015,Maruti
166,Maruti Suzuki Alto,GOLD,Delhi,336000,3600,Petrol, 1st Owner,2019,Maruti
167,Tata Indigo eCS,GOLD,Nanded,200000,115000,Diesel,,2012,Tata
168,Maruti Suzuki Dzire,PLATINUM,Pune,680699,29594,Petrol, 2nd Owner,2019,Maruti
169,Honda City VX,PLATINUM,Pune,714899,55953,Petrol, 1st Owner,2015,Honda
170,Maruti Suzuki Alto,PLATINUM,Pune,316799,16980,Petrol, 1st Owner,2016,Maruti
171,Ford Ecosport -,PLATINUM,Pune,675099,41828,Diesel, 2nd Owner,2016,Ford
172,Maruti Suzuki S,PLATINUM,Pune,1057399,64803,Diesel, 2nd Owner,2018,Maruti
173,Maruti Suzuki Ertiga,PLATINUM,Pune,938099,44460,Diesel, 2nd Owner,2018,Maruti
174,Tata Nexon -,PLATINUM,Pune,1057699,14276,Diesel, 2nd Owner,2018,Tata
175,Maruti Suzuki Wagon,PLATINUM,Pune,610099,23425,Petrol, 2nd Owner,2019,Maruti
176,Maruti Suzuki Alto,PLATINUM,Pune,452199,23056,Petrol, 2nd Owner,2018,Maruti
177,Hyundai Elite i20,PLATINUM,Pune,712699,16102,Petrol, 2nd Owner,2019,Hyundai
178,Maruti Suzuki Vitara,PLATINUM,Pune,838699,56615,Diesel, 1st Owner,2019,Maruti
179,Mahindra TUV300 -,PLATINUM,Pune,666899,70317,Diesel, 1st Owner,2015,Mahindra
180,MG Motors Hector,PLATINUM,Bangalore,1681899,6760,Petrol, 2nd Owner,2020,MG
181,MG Motors Hector,PLATINUM,Chennai,1854599,8870,Petrol, 2nd Owner,2020,MG
182,Maruti Suzuki Baleno,PLATINUM,Pune,571499,78209,Petrol, 1st Owner,2016,Maruti
183,Volkswagen Vento -,PLATINUM,Pune,589199,64292,Petrol, 2nd Owner,2015,Volkswagen
184,Toyota Innova Crysta,GOLD,Chennai,2350000,57000,Diesel,,2020,Toyota
185,Toyota Fortuner -,GOLD,Chennai,3650000,42000,Diesel,,2019,Toyota
186,Toyota Innova 2.5,GOLD,Hyderabad,445000,141000,Diesel,,2011,Toyota
187,Ssangyong Rexton RX7,GOLD,Malappuram,1231000,82000,Diesel,,2017,Ssangyong
188,Toyota Fortuner 3.0,GOLD,Chandigarh,1231000,117000,Diesel, 2nd Owner,2012,Toyota
189,Mahindra TUV300 T8,GOLD,Chennai,600000,70000,Diesel,,2015,Mahindra
190,Hyundai i20 Magna,GOLD,Bangalore,320000,89450,Diesel, 2nd Owner,2011,Hyundai
191,Maruti Suzuki Ertiga,GOLD,Madurai,1175000,29000,Petrol,,2020,Maruti
192,Maruti Suzuki Alto,PLATINUM,Pune,351699,58771,Petrol, 2nd Owner,2015,Maruti
193,Maruti Suzuki Alto,PLATINUM,Pune,299199,53266,Petrol, 2nd Owner,2016,Maruti
194,Honda Amaze -,PLATINUM,Pune,657199,9200,Petrol, 2nd Owner,2019,Honda
195,Ford Ecosport -,PLATINUM,Pune,539299,61721,Petrol, 2nd Owner,2014,Ford
196,Hyundai Grand i10,PLATINUM,Pune,608399,18333,Petrol, 2nd Owner,2017,Hyundai
197,Ford Ecosport -,PLATINUM,Pune,1042799,51780,Petrol, 2nd Owner,2019,Ford
198,Maruti Suzuki Baleno,PLATINUM,Pune,645199,30854,Petrol, 2nd Owner,2018,Maruti
199,Ford Ecosport -,PLATINUM,Pune,811899,24680,Petrol, 2nd Owner,2017,Ford
200,Volkswagen Vento -,PLATINUM,Pune,557799,85663,Petrol, 1st Owner,2015,Volkswagen
201,Mahindra Bolero -,PLATINUM,Pune,873999,20541,Diesel, 2nd Owner,2021,Mahindra
202,Hyundai i20 Magna,PLATINUM,Pune,278299,64182,Petrol, 1st Owner,2010,Hyundai
203,Maruti Suzuki S,PLATINUM,Pune,986399,58819,Diesel, 2nd Owner,2017,Maruti
204,Maruti Suzuki Wagon,PLATINUM,Pune,610099,32057,Petrol, 2nd Owner,2019,Maruti
205,Jeep Compass -,PLATINUM,Pune,1749899,18403,Petrol, 2nd Owner,2018,Jeep
206,Maruti Suzuki Alto,PLATINUM,Pune,443899,7877,Petrol, 2nd Owner,2018,Maruti
207,Hyundai Verna 1.6,PLATINUM,Pune,936299,15509,Petrol, 2nd Owner,2018,Hyundai
208,Honda Jazz VX,GOLD,Madurai,850000,15000,Petrol,,2018,Honda
209,Maruti Suzuki Ignis,GOLD,Madurai,595000,75000,Diesel,,2017,Maruti
210,Hyundai i10 Magna,GOLD,Mumbai,175000,62000,Petrol,,2008,Hyundai
211,Hyundai Creta 1.6,GOLD,Chennai,930000,134500,Diesel,,2018,Hyundai
212,Toyota Fortuner 3.0,GOLD,BolpurSantiniketan,1500000,63896,Diesel,,2012,Toyota
213,Mahindra Scorpio -,GOLD,Chennai,159000,90000,Diesel,,2005,Mahindra
214,Maruti Suzuki Alto,GOLD,Chennai,69000,58000,Petrol,,2007,Maruti
215,Ford Ikon -,GOLD,Chennai,69000,85000,Diesel,,2008,Ford
216,Maruti Suzuki Baleno,PLATINUM,Pune,580599,48329,Petrol, 1st Owner,2016,Maruti
217,Renault Kwid RXT,PLATINUM,Pune,404499,21301,Petrol, 2nd Owner,2019,Renault
218,Maruti Suzuki Vitara,PLATINUM,Pune,838699,34566,Diesel, 2nd Owner,2019,Maruti
219,Renault Kwid -,PLATINUM,Pune,446499,34297,Petrol, 2nd Owner,2018,Renault
220,Tata Hexa -,PLATINUM,Pune,1047499,119571,Diesel, 2nd Owner,2017,Tata
221,Maruti Suzuki Alto,PLATINUM,Pune,345599,27957,Petrol, 2nd Owner,2018,Maruti
222,Ford Ecosport -,PLATINUM,Pune,784399,27210,Petrol, 2nd Owner,2018,Ford
223,Maruti Suzuki Swift,PLATINUM,Pune,489399,21610,Petrol, 2nd Owner,2014,Maruti
224,Maruti Suzuki Baleno,PLATINUM,Pune,627499,40902,Petrol, 2nd Owner,2017,Maruti
225,Maruti Suzuki Alto,PLATINUM,Pune,288399,11057,Petrol, 2nd Owner,2015,Maruti
226,Maruti Suzuki Baleno,PLATINUM,Pune,573999,72505,Petrol, 2nd Owner,2016,Maruti
227,Hyundai Creta -,PLATINUM,Pune,1373699,31338,Petrol, 1st Owner,2018,Hyundai
228,Maruti Suzuki Alto,PLATINUM,Pune,279799,28674,Petrol, 2nd Owner,2016,Maruti
229,Hyundai Elite i20,PLATINUM,Pune,658199,25416,Petrol, 1st Owner,2018,Hyundai
230,Hyundai Grand i10,PLATINUM,Pune,465499,14765,Petrol, 2nd Owner,2016,Hyundai
231,Toyota Etios -,PLATINUM,Pune,563999,60380,Diesel, 1st Owner,2015,Toyota
232,Hyundai Santro -,GOLD,Chennai,59000,85000,Petrol,,2001,Hyundai
233,Hyundai Getz -,GOLD,Chennai,119000,73000,Petrol,,2006,Hyundai
234,Hyundai Santro Xing,GOLD,Chennai,69000,85000,Petrol,,2004,Hyundai
235,Hyundai Santro -,GOLD,Chennai,89000,85000,Petrol,,2002,Hyundai
236,Ford Figo -,GOLD,Chennai,129000,86000,Diesel,,2012,Ford
237,Toyota Fortuner 2.8,GOLD,Lucknow,2931000,55000,Diesel,,2019,Toyota
238,Mahindra Bolero ZLX,GOLD,Chennai,790000,79950,Diesel,,2018,Mahindra
239,Fiat Linea Emotion,GOLD,Chennai,200000,75000,Diesel,,2009,Fiat
240,Maruti Suzuki Baleno,PLATINUM,Pune,718699,19775,Petrol, 2nd Owner,2018,Maruti
241,Tata Tiago -,PLATINUM,Pune,543399,28495,Petrol, 1st Owner,2018,Tata
242,Hyundai Creta -,PLATINUM,Pune,1780399,28344,Diesel, 2nd Owner,2020,Hyundai
243,Toyota Glanza -,PLATINUM,Pune,757999,10801,Petrol, 2nd Owner,2020,Toyota
244,Tata Nexon -,PLATINUM,Pune,1013999,4365,Petrol, 1st Owner,2019,Tata
245,Maruti Suzuki Celerio,PLATINUM,Pune,439999,53266,Diesel, 2nd Owner,2016,Maruti
246,Maruti Suzuki S,PLATINUM,Pune,839199,50866,Diesel, 2nd Owner,2018,Maruti
247,Maruti Suzuki Alto,PLATINUM,Pune,421799,24230,Petrol, 2nd Owner,2019,Maruti
248,Maruti Suzuki Baleno,PLATINUM,Pune,580599,64275,Petrol, 2nd Owner,2016,Maruti
249,Hyundai Venue -,PLATINUM,Pune,986799,8924,Petrol, 2nd Owner,2019,Hyundai
250,MG Motors Hector,PLATINUM,Pune,2057399,12208,Petrol, 2nd Owner,2021,MG
251,Honda City V,PLATINUM,Pune,1082299,26956,Petrol, 2nd Owner,2018,Honda
252,Hyundai Grand i10,PLATINUM,Pune,576999,12223,Petrol, 2nd Owner,2017,Hyundai
253,Hyundai Grand i10,PLATINUM,Pune,533199,23960,Petrol, 2nd Owner,2016,Hyundai
254,Maruti Suzuki Wagon,PLATINUM,Pune,473299,33687,Petrol, 2nd Owner,2015,Maruti
255,MG Motors Hector,PLATINUM,Pune,1838399,24887,Petrol, 2nd Owner,2020,MG
256,Toyota Innova 2.5,GOLD,Mumbai,800000,74000,Diesel, 2nd Owner,2013,Toyota
257,Nissan Micra XE,GOLD,Bhubaneswar,199000,40000,Petrol,,2011,Nissan
258,Hyundai Creta 1.6,GOLD,Pune,1750000,45000,Diesel,,2020,Hyundai
259,Maruti Suzuki Swift,GOLD,Chennai,595000,41000,Diesel,,2018,Maruti
260,BMW 3 Series,GOLD,Mumbai,1890000,61000,Diesel, 2nd Owner,2015,BMW
261,Jaguar XF 2.2,GOLD,Mumbai,2150000,20000,Diesel, 2nd Owner,2014,Jaguar
262,Hyundai Verna Fluidic,GOLD,Mumbai,699000,26000,Petrol, 1st Owner,2015,Hyundai
263,Hyundai Grand i10,PLATINUM,Pune,451799,71423,Petrol, 2nd Owner,2015,Hyundai
264,Hyundai Grand i10,PLATINUM,Pune,446999,34095,Petrol, 1st Owner,2015,Hyundai
265,Maruti Suzuki Wagon,PLATINUM,Pune,470799,32658,Petrol, 2nd Owner,2016,Maruti
266,Maruti Suzuki Ignis,PLATINUM,Pune,511799,33166,Petrol, 2nd Owner,2017,Maruti
267,Maruti Suzuki Wagon,PLATINUM,Chennai,399899,31284,Petrol, 2nd Owner,2014,Maruti
268,Maruti Suzuki Wagon,PLATINUM,Pune,375999,66090,Petrol, 2nd Owner,2015,Maruti
269,Ford Ecosport -,PLATINUM,Pune,664799,51295,Petrol, 2nd Owner,2016,Ford
270,Maruti Suzuki Baleno,PLATINUM,Pune,617799,48693,Petrol, 2nd Owner,2016,Maruti
271,Maruti Suzuki Ciaz,PLATINUM,Pune,749299,36626,Diesel, 2nd Owner,2017,Maruti
272,Renault Duster -,PLATINUM,Pune,795799,55752,Diesel, 2nd Owner,2016,Renault
273,Tata Tigor -,PLATINUM,Pune,543499,49341,Diesel, 2nd Owner,2017,Tata
274,Maruti Suzuki Alto,PLATINUM,Chennai,317199,60251,Petrol, 2nd Owner,2015,Maruti
275,Maruti Suzuki Alto,PLATINUM,Pune,373699,22269,Petrol, 2nd Owner,2015,Maruti
276,Volkswagen Ameo -,PLATINUM,Pune,501799,38999,Petrol, 2nd Owner,2016,Volkswagen
277,Maruti Suzuki Vitara,PLATINUM,Pune,838699,29110,Diesel, 2nd Owner,2019,Maruti
278,Hyundai Creta -,PLATINUM,Pune,1804399,14506,Petrol, 2nd Owner,2020,Hyundai
279,Chevrolet Beat LT,GOLD,Bangalore,175000,55000,Petrol,,2010,Chevrolet
280,Tata Hexa XM,GOLD,Madurai,1200000,60000,Diesel,,2018,Tata
281,Toyota Corolla H5,GOLD,Chennai,170000,80000,Petrol,,2006,Toyota
282,Maruti Suzuki Maruti,GOLD,,65000,108252,Petrol,,2005,Maruti
283,Maruti Suzuki Wagon,GOLD,Chennai,360000,36000,Petrol,,2014,Maruti
284,Hyundai Xcent 1.2,GOLD,Chennai,299000,95000,Diesel, 2nd Owner,2016,Hyundai
285,Ford Figo 1.5,GOLD,Chennai,176000,88000,Diesel, 2nd Owner,2010,Ford
286,Maruti Suzuki Wagon,GOLD,Chennai,325000,60000,Petrol, 1st Owner,2014,Maruti
288,Maruti Suzuki S,PLATINUM,Pune,985299,29115,Diesel, 2nd Owner,2017,Maruti
289,Maruti Suzuki Baleno,PLATINUM,Pune,642899,34763,Petrol, 2nd Owner,2017,Maruti
290,Maruti Suzuki Ciaz,PLATINUM,Chennai,740000,12500,Diesel, 2nd Owner,2015,Maruti
291,Maruti Suzuki Baleno,PLATINUM,Pune,610000,85000,Petrol,,2017,Maruti
292,Hyundai Grand i10,PLATINUM,Pune,495000,40000,Petrol,,2016,Hyundai
293,Hyundai Verna 1.6,PLATINUM,Pune,510000,71000,Petrol,,2014,Hyundai
294,Maruti Suzuki Baleno,PLATINUM,Pune,560000,44000,Petrol,,2017,Maruti
295,Toyota Innova 2.0,PLATINUM,Pune,455000,124000,Diesel,,2009,Toyota
296,Maruti Suzuki Wagon,PLATINUM,Pune,350000,78000,CNG,,2012,Maruti
297,Renault Kwid CLIMBER,PLATINUM,Bangalore,463099,44696,Petrol, 1st Owner,2017,Renault
298,Maruti Suzuki Alto,PLATINUM,Pune,350599,33004,Petrol, 2nd Owner,2018,Maruti
299,Hyundai Verna Fluidic,PLATINUM,Chennai,636299,46034,Petrol, 1st Owner,2016,Hyundai
300,Hyundai Grand i10,PLATINUM,Chennai,698199,60307,Petrol, 1st Owner,2020,Hyundai
301,Hyundai Grand i10,PLATINUM,Chennai,764199,8825,Petrol, 1st Owner,2021,Hyundai
302,Maruti Suzuki Celerio,PLATINUM,Chennai,524799,5743,Petrol, 1st Owner,2019,Maruti
303,Ford EcoSport Ambiente,GOLD,Chennai,420000,87000,Diesel, 1st Owner,2013,Ford
304,Kia Seltos GTX,GOLD,Bangalore,1831000,19500,Petrol,,2020,Kia
305,Chevrolet Beat LS,GOLD,Chennai,210000,60000,Petrol,,2010,Chevrolet
306,Volkswagen Vento Highline,GOLD,Chennai,465000,70000,Petrol,,2013,Volkswagen
307,Audi Q7 35,GOLD,Chennai,2250000,65000,Diesel,,2017,Audi
308,Maruti Suzuki Ertiga,GOLD,Chennai,1090000,35623,Petrol,,2020,Maruti
309,Toyota Innova -,GOLD,Bangalore,375000,160000,Petrol,,2005,Toyota
310,Hyundai i20 Sportz,GOLD,Chennai,225000,98500,Petrol,,2009,Hyundai
312,Maruti Suzuki Eeco,PLATINUM,Chennai,493899,25735,Petrol, 1st Owner,2019,Maruti
313,Hyundai Elite i20,PLATINUM,Chennai,825299,37522,Petrol, 2nd Owner,2019,Hyundai
314,Maruti Suzuki Wagon,PLATINUM,Chennai,495499,38955,Petrol, 1st Owner,2018,Maruti
315,Hyundai Eon Era,PLATINUM,Chennai,277599,65308,Petrol, 1st Owner,2014,Hyundai
316,Maruti Suzuki Wagon,PLATINUM,Chennai,473899,30467,Petrol, 1st Owner,2017,Maruti
317,Hyundai Venue S,PLATINUM,Chennai,855299,1954,Petrol, 1st Owner,2019,Hyundai
318,Hyundai Santro 1.1,PLATINUM,Chennai,540299,35220,Petrol, 1st Owner,2019,Hyundai
319,Hyundai Elite i20,PLATINUM,Chennai,642899,75876,Petrol, 1st Owner,2016,Hyundai
320,Maruti Suzuki Alto,PLATINUM,Chennai,442299,27020,Petrol, 1st Owner,2021,Maruti
321,Renault Triber 1.0,PLATINUM,Chennai,725399,13739,Petrol, 1st Owner,2019,Renault
322,Maruti Suzuki Wagon,PLATINUM,Chennai,558299,21544,Petrol, 1st Owner,2019,Maruti
323,Maruti Suzuki Alto,PLATINUM,Chennai,354299,13816,Petrol, 1st Owner,2016,Maruti
324,Hyundai Elite i20,PLATINUM,Chennai,673599,23817,Petrol, 1st Owner,2016,Hyundai
325,Hyundai Grand i10,PLATINUM,Chennai,525099,60985,Petrol, 1st Owner,2017,Hyundai
326,Hyundai Verna SX,GOLD,Chennai,525000,80000,Diesel,,2012,Hyundai
327,Volkswagen Polo Comfortline,GOLD,Chennai,675000,30123,Petrol,,2018,Volkswagen
328,Renault Kwid RXT,GOLD,Chennai,325000,67000,Petrol,,2016,Renault
329,Renault Triber RXT,GOLD,Chennai,645000,26123,Petrol,,2020,Renault
330,Maruti Suzuki Ertiga,GOLD,Chennai,785000,60123,Petrol,,2017,Maruti
331,Mahindra TUV300 T8,GOLD,Chennai,690000,52123,Diesel,,2016,Mahindra
332,Maruti Suzuki Celerio,GOLD,Chennai,425000,11123,Petrol,,2018,Maruti
333,Hyundai Elite i20,GOLD,Chennai,645000,41233,Petrol,,2019,Hyundai
334,Maruti Suzuki Swift,PLATINUM,Chennai,529699,50141,Petrol, 1st Owner,2016,Maruti
335,Maruti Suzuki Ertiga,PLATINUM,Bangalore,1081899,86033,Diesel,,2018,Maruti
336,Fiat Linea Dynamic,PLATINUM,Kolkata,256000,30000,Petrol, 1st Owner,2012,Fiat
337,Honda City ZX,PLATINUM,Bangalore,290000,86924,Petrol,,2008,Honda
338,Volkswagen Polo GT,PLATINUM,Bangalore,735000,68870,Petrol,,2016,Volkswagen
339,Maruti Suzuki XL6,PLATINUM,Bangalore,1244799,22292,Petrol, 2nd Owner,2019,Maruti
340,Honda Amaze -,PLATINUM,Bangalore,474399,44013,Petrol, 1st Owner,2014,Honda
341,Maruti Suzuki Wagon,PLATINUM,Bangalore,389399,96250,Petrol, 2nd Owner,2016,Maruti
342,Maruti Suzuki Swift,PLATINUM,Chennai,562399,59839,Petrol, 2nd Owner,2017,Maruti
343,Hyundai Grand i10,PLATINUM,Chennai,446699,49693,Petrol, 2nd Owner,2015,Hyundai
344,Renault Kwid RXT,PLATINUM,Bangalore,439999,22223,Petrol, 1st Owner,2017,Renault
345,Honda Amaze -,PLATINUM,Bangalore,918999,8030,Petrol, 2nd Owner,2021,Honda
346,Volkswagen Polo -,PLATINUM,Bangalore,815799,38780,Petrol, 2nd Owner,2016,Volkswagen
347,Maruti Suzuki Vitara,PLATINUM,Bangalore,896799,31919,Diesel, 2nd Owner,2018,Maruti
348,Hyundai i10 Sportz,PLATINUM,Bangalore,411399,47564,Petrol, 2nd Owner,2015,Hyundai
349,Hyundai Grand i10,PLATINUM,Bangalore,498999,42836,Petrol, 2nd Owner,2013,Hyundai
350,Renault Kwid RXT,GOLD,Chennai,470000,6000,Petrol,,2020,Renault
351,Tata Indica -,GOLD,Chennai,69000,85000,Diesel,,2007,Tata
352,Mahindra TUV300 T8,GOLD,Madurai,925000,27000,Diesel,,2018,Mahindra
353,Mahindra Scorpio LX,GOLD,Chennai,495000,690000,Diesel,,2013,Mahindra
354,Maruti Suzuki Ertiga,GOLD,Chennai,1090000,35000,Petrol,,2020,Maruti
355,Toyota Etios Liva,GOLD,Delhi,300000,135000,Diesel,,2013,Toyota
356,Tata Aria Prestige,GOLD,Bangalore,450000,115000,Diesel,,2012,Tata
357,Ford Figo -,PLATINUM,Bangalore,357999,50488,Petrol, 2nd Owner,2015,Ford
358,Maruti Suzuki Ignis,PLATINUM,Pune,462599,12916,Petrol, 1st Owner,2018,Maruti
359,Hyundai Elite i20,PLATINUM,Bangalore,695199,30731,Petrol, 1st Owner,2016,Hyundai
360,Maruti Suzuki Eeco,PLATINUM,Bangalore,490399,8825,Petrol, 2nd Owner,2019,Maruti
361,Renault Kwid RxL,PLATINUM,Bangalore,340099,21627,Petrol, 3rd Owner,2016,Renault
362,Maruti Suzuki Ertiga,PLATINUM,Bangalore,997899,5580,Petrol, 2nd Owner,2020,Maruti
363,Hyundai i10 Sportz,PLATINUM,Bangalore,351599,41371,Petrol, 1st Owner,2013,Hyundai
364,Maruti Suzuki Swift,PLATINUM,Bangalore,603799,42313,Petrol, 1st Owner,2016,Maruti
365,Hyundai Elite i20,PLATINUM,Bangalore,599799,74913,Petrol, 2nd Owner,2016,Hyundai
366,Maruti Suzuki Wagon,PLATINUM,Bangalore,456099,74760,Petrol, 2nd Owner,2018,Maruti
367,Ford Ecosport -,PLATINUM,Bangalore,993699,34045,Diesel, 2nd Owner,2019,Ford
368,Maruti Suzuki Ritz,PLATINUM,Bangalore,312299,143147,Petrol, 2nd Owner,2010,Maruti
369,Hyundai Venue -,PLATINUM,Bangalore,1221799,28149,Petrol, 1st Owner,2019,Hyundai
370,Maruti Suzuki Swift,PLATINUM,Bangalore,522999,38049,Petrol, 2nd Owner,2015,Maruti
371,Hyundai EON Magna,PLATINUM,Bangalore,323399,78895,Petrol, 2nd Owner,2014,Hyundai
372,Hyundai Grand i10,PLATINUM,Bangalore,510799,27027,Petrol, 2nd Owner,2015,Hyundai
373,Mahindra XUV 500,GOLD,Pune,750000,66000,Diesel,,2013,Mahindra
374,Hyundai Getz GLS,GOLD,Bangalore,155000,82000,Petrol,,2005,Hyundai
375,Maruti Suzuki Swift,GOLD,Chennai,350000,57000,Petrol,,2011,Maruti
376,Honda Amaze 1.5,GOLD,Pune,410000,71000,Diesel,,2014,Honda
377,Hyundai Eon Era,GOLD,Pune,275000,47000,CNG,,2014,Hyundai
378,Hyundai Grand i10,GOLD,Pune,465000,37000,Petrol,,2017,Hyundai
379,Maruti Suzuki Zen,GOLD,Bangalore,145000,73000,Petrol,,2007,Maruti
380,Hyundai Getz GLS,GOLD,Bangalore,165000,82650,Petrol,,2007,Hyundai
381,Maruti Suzuki Vitara,PLATINUM,Pune,910799,23940,Petrol, 2nd Owner,2020,Maruti
382,Renault Captur -,PLATINUM,Chennai,722899,26678,Petrol, 2nd Owner,2018,Renault
383,Honda WR V,PLATINUM,Pune,809499,41342,Diesel, 2nd Owner,2018,Honda
384,Maruti Suzuki Alto,PLATINUM,Bangalore,297399,59614,Petrol, 1st Owner,2013,Maruti
385,Maruti Suzuki Alto,PLATINUM,Bangalore,411999,39550,Petrol, 2nd Owner,2016,Maruti
386,Renault Triber -,PLATINUM,Bangalore,623399,28621,Petrol, 1st Owner,2019,Renault
387,Honda Brio -,PLATINUM,Bangalore,372399,60437,Petrol, 1st Owner,2013,Honda
388,Maruti Suzuki Wagon,PLATINUM,Chennai,518099,26598,Petrol, 2nd Owner,2018,Maruti
389,Honda Amaze -,PLATINUM,Chennai,485599,62723,Petrol, 2nd Owner,2015,Honda
390,Maruti Suzuki Baleno,PLATINUM,Chennai,636899,21145,Petrol, 2nd Owner,2017,Maruti
391,Hyundai Grand i10,PLATINUM,Pune,396999,48699,Petrol, 1st Owner,2013,Hyundai
392,Ford Ecosport -,PLATINUM,Pune,980399,10102,Petrol, 2nd Owner,2019,Ford
393,Maruti Suzuki Baleno,PLATINUM,Bangalore,658999,34881,Petrol, 1st Owner,2017,Maruti
394,Hyundai EON D,PLATINUM,Bangalore,304099,53997,Petrol, 2nd Owner,2015,Hyundai
395,Maruti Suzuki Alto,PLATINUM,Bangalore,362599,49076,Petrol, 1st Owner,2015,Maruti
396,Maruti Suzuki Alto,PLATINUM,Bangalore,344199,65951,Petrol, 2nd Owner,2014,Maruti
397,Maruti Suzuki Swift,GOLD,Bangalore,215000,116000,Petrol,,2007,Maruti
398,Skoda Rapid 1.5,GOLD,Bangalore,550000,136000,Diesel, 1st Owner,2015,Skoda
399,Renault Duster 110PS,GOLD,Pune,550000,85000,Diesel,,2013,Renault
401,Maruti Suzuki Alto,GOLD,Chennai,79000,85000,Petrol,,2001,Maruti
402,Chevrolet Aveo -,GOLD,Chennai,67000,63000,Petrol,,2007,Chevrolet
403,Ford Ikon -,GOLD,Chennai,59000,73000,Petrol,,2009,Ford
404,Maruti Suzuki Wagon,GOLD,Chennai,69000,85000,Petrol,,2007,Maruti
405,Maruti Suzuki Alto,PLATINUM,Bangalore,462399,15032,Petrol, 1st Owner,2017,Maruti
406,Maruti Suzuki Alto,PLATINUM,Pune,319999,15575,Petrol, 2nd Owner,2017,Maruti
407,Maruti Suzuki Swift,PLATINUM,Pune,275699,147819,Diesel, 3rd Owner,2010,Maruti
408,Hyundai Grand i10,PLATINUM,Bangalore,501599,35203,Petrol, 2nd Owner,2016,Hyundai
409,Maruti Suzuki Eeco,PLATINUM,Bangalore,506599,7597,Petrol, 1st Owner,2020,Maruti
410,Mahindra Scorpio S5,PLATINUM,Bangalore,1198599,34883,Diesel, 1st Owner,2018,Mahindra
411,Ford Ecosport -,PLATINUM,Bangalore,775499,59580,Diesel, 2nd Owner,2017,Ford
412,Maruti Suzuki Ritz,PLATINUM,Bangalore,338999,49647,Petrol, 2nd Owner,2011,Maruti
413,Hyundai Verna Fluidic,PLATINUM,Bangalore,652699,67577,Petrol, 2nd Owner,2016,Hyundai
414,Tata Tiago -,PLATINUM,Bangalore,535899,10890,Petrol, 1st Owner,2017,Tata
415,Maruti Suzuki Swift,PLATINUM,Chennai,492099,57444,Petrol, 1st Owner,2015,Maruti
416,Honda City -,PLATINUM,Bangalore,885999,33598,Petrol, 2nd Owner,2017,Honda
417,Ford Freestyle -,PLATINUM,Bangalore,694899,17804,Petrol, 2nd Owner,2018,Ford
418,Maruti Suzuki Swift,PLATINUM,Pune,450599,62613,Petrol, 2nd Owner,2013,Maruti
419,Hyundai i20 Asta,PLATINUM,Bangalore,377999,56974,Petrol, 2nd Owner,2010,Hyundai
420,Datsun Redi GO,PLATINUM,Bangalore,491499,1405,Petrol, 1st Owner,2021,Datsun
421,Maruti Suzuki Omni,GOLD,Chennai,89000,85000,Petrol,,2008,Maruti
422,Hyundai Creta 1.6,GOLD,Bangalore,1865000,8000,Petrol,,2020,Hyundai
423,Datsun GO T,GOLD,Kolkata,235000,29000,Petrol,,2014,Datsun
424,Mahindra Bolero B6,GOLD,Bangalore,1025000,22000,Diesel,,2020,Mahindra
425,Volkswagen Polo GT,GOLD,Pune,450000,118000,Petrol,,2014,Volkswagen
426,Hyundai Creta 1.6,GOLD,Pondicherry,1575000,23000,Diesel,,2020,Hyundai
427,Maruti Suzuki Swift,GOLD,Pondicherry,695000,34000,Diesel,,2018,Maruti
428,Honda Civic 1.8V,GOLD,Hyderabad,295000,87000,Petrol,,2008,Honda
429,Hyundai Verna -,PLATINUM,Pune,1171199,36965,Petrol, 2nd Owner,2018,Hyundai
430,Honda WR V,PLATINUM,Pune,625699,25526,Petrol, 1st Owner,2017,Honda
431,Hyundai Grand i10,PLATINUM,Chennai,453199,20235,Petrol, 1st Owner,2016,Hyundai
432,Maruti Suzuki Vitara,PLATINUM,Chennai,850499,61064,Diesel, 2nd Owner,2018,Maruti
433,Maruti Suzuki Ignis,PLATINUM,Chennai,548699,12558,Petrol, 2nd Owner,2018,Maruti
434,Maruti Suzuki Alto,PLATINUM,Bangalore,498799,14179,Petrol, 1st Owner,2019,Maruti
435,Honda City VX,PLATINUM,Chennai,1377199,20379,Petrol, 1st Owner,2020,Honda
436,Ford Ecosport -,PLATINUM,Pune,772799,42837,Petrol, 2nd Owner,2017,Ford
437,Hyundai Elite i20,PLATINUM,Chennai,572599,67473,Petrol, 2nd Owner,2016,Hyundai
438,Honda City V,PLATINUM,Bangalore,774899,27576,Petrol, 1st Owner,2016,Honda
439,Maruti Suzuki S,PLATINUM,Pune,885099,80900,Diesel, 2nd Owner,2017,Maruti
440,Hyundai Elite i20,PLATINUM,Bangalore,687499,100934,Diesel, 2nd Owner,2017,Hyundai
441,Hyundai Elite i20,PLATINUM,Bangalore,567799,29060,Petrol, 2nd Owner,2015,Hyundai
442,Hyundai i10 Magna,PLATINUM,Chennai,398499,36129,Petrol, 2nd Owner,2016,Hyundai
443,Maruti Suzuki Swift,PLATINUM,Pune,348499,156442,Diesel, 2nd Owner,2011,Maruti
444,Maruti Suzuki Wagon,PLATINUM,Chennai,520899,48710,Petrol, 2nd Owner,2018,Maruti
445,Ford Figo Diesel,GOLD,Bangalore,225000,80000,Diesel,,2012,Ford
446,Honda City SV,GOLD,Bangalore,725000,57000,Petrol,,2015,Honda
447,Honda CRV -,GOLD,Hyderabad,240000,97000,LPG,,2004,Honda
448,Honda Amaze 1.2,GOLD,Pune,425000,44000,Petrol,,2013,Honda
449,Maruti Suzuki Swift,GOLD,Pune,500000,57000,Petrol,,2015,Maruti
450,Maruti Suzuki Swift,GOLD,Pune,250000,77000,Petrol,,2008,Maruti
451,Maruti Suzuki Ritz,GOLD,Pune,360000,81000,Petrol,,2013,Maruti
452,Hyundai Creta 1.6,GOLD,Pune,975000,41000,Petrol,,2016,Hyundai
453,Ford Ecosport -,PLATINUM,Pune,916799,20619,Petrol, 2nd Owner,2018,Ford
454,Maruti Suzuki Wagon,PLATINUM,Pune,480999,51149,Petrol + CNG, 2nd Owner,2018,Maruti
455,Tata Nexon -,PLATINUM,Bangalore,1043299,12978,Petrol, 1st Owner,2020,Tata
456,Honda City V,PLATINUM,Bangalore,787399,40025,Petrol, 1st Owner,2016,Honda
457,Hyundai Grand i10,PLATINUM,Bangalore,501599,63075,Petrol, 2nd Owner,2016,Hyundai
458,Honda Brio -,PLATINUM,Chennai,362999,78724,Petrol, 2nd Owner,2012,Honda
459,Renault Kwid -,PLATINUM,Pune,403199,12257,Petrol, 2nd Owner,2018,Renault
460,Hyundai Venue -,PLATINUM,Bangalore,1022599,26890,Diesel, 2nd Owner,2019,Hyundai
461,Nissan Micra Active,PLATINUM,Chennai,483199,20485,Petrol, 2nd Owner,2018,Nissan
462,Hyundai EON Era,PLATINUM,Chennai,321399,69220,Petrol, 2nd Owner,2017,Hyundai
463,Maruti Suzuki Alto,PLATINUM,Chennai,307999,41900,Petrol, 2nd Owner,2017,Maruti
464,Maruti Suzuki Eeco,PLATINUM,Bangalore,478599,11944,Petrol, 2nd Owner,2019,Maruti
465,Maruti Suzuki Wagon,PLATINUM,Chennai,405199,66143,Petrol, 2nd Owner,2015,Maruti
466,Maruti Suzuki Alto,PLATINUM,Chennai,314999,16563,Petrol, 2nd Owner,2018,Maruti
467,Hyundai Elite i20,PLATINUM,Pune,684599,14460,Petrol, 2nd Owner,2016,Hyundai
468,Maruti Suzuki Alto,PLATINUM,Bangalore,413099,47120,Petrol, 2nd Owner,2018,Maruti
469,Chevrolet Cruze LTZ,GOLD,Bangalore,345000,115000,Diesel,,2011,Chevrolet
470,Renault Scala RxZ,GOLD,Bangalore,385000,79200,Diesel,,2013,Renault
471,Hyundai Verna 1.6,GOLD,Chennai,690000,48877,Diesel,,2016,Hyundai
472,Honda WRV VX,GOLD,Mumbai,825000,32000,Petrol,,2019,Honda
473,Toyota Corolla Altis,GOLD,Mumbai,1425000,51000,Petrol,,2018,Toyota
474,Maruti Suzuki Alto,GOLD,Udaipur,295000,56000,Petrol,,2014,Maruti
475,Tata Tiago Revotorq,GOLD,Pune,700000,14000,Petrol,,2022,Tata
476,Chevrolet Aveo -,GOLD,Chennai,69000,79000,Petrol,,2006,Chevrolet
477,Maruti Suzuki Swift,PLATINUM,Chennai,501199,147960,Diesel, 2nd Owner,2016,Maruti
478,Maruti Suzuki Wagon,PLATINUM,Pune,357399,38766,Petrol, 2nd Owner,2014,Maruti
479,Maruti Suzuki Eeco,PLATINUM,Bangalore,494199,8409,Petrol, 2nd Owner,2019,Maruti
480,Renault Kwid RxL,PLATINUM,Bangalore,424099,20718,Petrol, 2nd Owner,2019,Renault
481,Maruti Suzuki Baleno,PLATINUM,Chennai,598299,51125,Petrol, 1st Owner,2017,Maruti
482,Hyundai Grand i10,PLATINUM,Bangalore,477599,64459,Petrol, 1st Owner,2014,Hyundai
483,Maruti Suzuki Swift,PLATINUM,Pune,447599,29467,Petrol, 1st Owner,2014,Maruti
484,Tata Nexon -,PLATINUM,Pune,703999,18019,Petrol, 1st Owner,2017,Tata
485,Maruti Suzuki Celerio,PLATINUM,Chennai,416099,40710,Petrol, 2nd Owner,2016,Maruti
486,Maruti Suzuki S,PLATINUM,Chennai,559099,1956,Petrol, 2nd Owner,2021,Maruti
487,Renault Kwid -,PLATINUM,Bangalore,463099,44696,Petrol,,2017,Renault
488,Hyundai Grand i10,PLATINUM,Bangalore,527099,21531,Petrol, 3rd Owner,2018,Hyundai
489,Kia Seltos -,PLATINUM,Pune,1517999,20989,Petrol, 2nd Owner,2019,Kia
490,Hyundai i20 -,PLATINUM,Chennai,431099,33901,Petrol, 1st Owner,2013,Hyundai
491,Hyundai Grand i10,PLATINUM,Chennai,539799,54696,Petrol, 2nd Owner,2018,Hyundai
493,Renault Duster 110,GOLD,Pune,1025000,14000,Diesel,,2020,Renault
494,Mahindra Logan -,GOLD,Chennai,129000,97000,Diesel,,2007,Mahindra
495,Tata Indigo CS,GOLD,Chennai,79000,85000,Diesel,,2007,Tata
496,Ford EcoSport Trend,GOLD,Pune,525000,50000,Diesel,,2014,Ford
497,Honda Jazz VX,GOLD,Pune,565000,53000,Petrol,,2016,Honda
498,Maruti Suzuki Wagon,GOLD,Pune,435000,27000,Petrol,,2016,Maruti
499,Maruti Suzuki Wagon,GOLD,Pune,425000,52000,Petrol,,2016,Maruti
500,Honda City ZX,GOLD,Chennai,250000,149000,Petrol,,2007,Honda
501,Hyundai Grand i10,PLATINUM,Bangalore,616599,27317,Petrol, 2nd Owner,2017,Hyundai
502,Hyundai Xcent -,PLATINUM,Bangalore,466599,79784,Petrol, 2nd Owner,2014,Hyundai
503,Audi Q3 -,PLATINUM,Chennai,1656999,73656,Diesel, 1st Owner,2015,Audi
504,Tata Tiago -,PLATINUM,Bangalore,562999,27664,Petrol, 1st Owner,2018,Tata
505,Hyundai Verna FLUIDIC,PLATINUM,Bangalore,488899,41898,Petrol, 2nd Owner,2012,Hyundai
506,Maruti Suzuki S,PLATINUM,Chennai,514599,4889,Petrol, 2nd Owner,2021,Maruti
507,Hyundai Grand i10,PLATINUM,Chennai,495299,39836,Petrol, 1st Owner,2015,Hyundai
508,Honda Jazz -,PLATINUM,Bangalore,752399,16108,Petrol, 2nd Owner,2016,Honda
509,Hyundai Grand i10,PLATINUM,Bangalore,474799,46111,Petrol, 2nd Owner,2015,Hyundai
510,Maruti Suzuki Ciaz,PLATINUM,Bangalore,849599,23761,Petrol, 2nd Owner,2018,Maruti
511,Maruti Suzuki S,PLATINUM,Bangalore,663199,146782,Diesel, 1st Owner,2016,Maruti
512,Hyundai Grand i10,PLATINUM,Bangalore,566699,26597,Petrol, 1st Owner,2016,Hyundai
513,Maruti Suzuki Eeco,PLATINUM,Chennai,471199,12323,Petrol, 2nd Owner,2018,Maruti
514,Renault Kwid RXL,PLATINUM,Bangalore,385499,3230,Petrol, 1st Owner,2017,Renault
515,Maruti Suzuki Swift,PLATINUM,Chennai,491599,62059,Petrol, 3rd Owner,2016,Maruti
516,Maruti Suzuki Baleno,PLATINUM,Bangalore,725699,28188,Petrol, 2nd Owner,2019,Maruti
517,Maruti Suzuki Wagon,GOLD,Pune,350000,55000,Petrol,,2013,Maruti
518,Maruti Suzuki SX4,GOLD,Pune,210000,79000,Petrol,,2009,Maruti
519,Tata Tiago XZA,GOLD,Pune,460000,55000,Petrol,,2017,Tata
520,BMW 5 Series,GOLD,NaviMumbai,990000,49000,Petrol, 3rd Owner,2010,BMW
521,Tata Indica Vista,GOLD,Bangalore,190000,56000,Petrol,,2009,Tata
522,Maruti Suzuki Ertiga,GOLD,Pune,625000,83000,Petrol,,2014,Maruti
523,Maruti Suzuki Baleno,GOLD,Chennai,590000,39226,Petrol,,2016,Maruti
524,Maruti Suzuki Swift,GOLD,Chennai,740000,33901,Petrol,,2019,Maruti
525,Hyundai Grand i10,PLATINUM,Bangalore,640099,32877,Petrol, 2nd Owner,2019,Hyundai
526,Maruti Suzuki Ignis,PLATINUM,Chennai,575099,17283,Petrol, 2nd Owner,2019,Maruti
527,Maruti Suzuki Ertiga,PLATINUM,Bangalore,1081899,86033,Diesel, 1st Owner,2018,Maruti
528,Volkswagen Polo -,PLATINUM,Bangalore,726399,17419,Petrol, 2nd Owner,2018,Volkswagen
529,Maruti Suzuki Eeco,PLATINUM,Bangalore,480399,24416,Petrol, 2nd Owner,2019,Maruti
530,Renault Kwid RxL,PLATINUM,Bangalore,369599,26700,Petrol, 2nd Owner,2017,Renault
531,Maruti Suzuki Swift,PLATINUM,Bangalore,451399,28979,Petrol, 1st Owner,2014,Maruti
532,Maruti Suzuki Eeco,PLATINUM,Bangalore,494099,27150,Petrol, 1st Owner,2019,Maruti
533,Ford EcoSport -,PLATINUM,Bangalore,1240899,3195,Petrol, 1st Owner,2020,Ford
534,Hyundai Eon Era,PLATINUM,Bangalore,286199,26761,Petrol, 1st Owner,2013,Hyundai
535,Hyundai Grand i10,PLATINUM,Bangalore,509399,71992,Petrol, 2nd Owner,2017,Hyundai
536,Maruti Suzuki Alto,PLATINUM,Bangalore,378099,27239,Petrol, 2nd Owner,2016,Maruti
537,Honda Jazz -,PLATINUM,Chennai,586699,36244,Petrol, 2nd Owner,2016,Honda
538,Maruti Suzuki Vitara,PLATINUM,Pune,906899,69807,Diesel, 2nd Owner,2019,Maruti
539,Maruti Suzuki Vitara,PLATINUM,Pune,882199,31803,Diesel, 2nd Owner,2019,Maruti
540,Honda Jazz -,PLATINUM,Bangalore,507999,92373,Petrol, 1st Owner,2015,Honda
541,Toyota Etios GD,GOLD,Gurgaon,240000,200000,Diesel,,2013,Toyota
542,Ford EcoSport Titanium,GOLD,Bangalore,825000,46000,Diesel,,2016,Ford
543,Toyota Innova 2.5,GOLD,Bangalore,845000,179000,Diesel,,2011,Toyota
544,Hyundai Grand i10,GOLD,Bangalore,475000,59000,Petrol,,2016,Hyundai
545,Hyundai Creta 1.6,GOLD,Bangalore,1325000,72000,Diesel,,2017,Hyundai
546,Hyundai Creta 1.6,GOLD,Bangalore,1245000,56000,Diesel,,2017,Hyundai
547,Mahindra XUV 500,GOLD,Bangalore,975000,87000,Diesel,,2014,Mahindra
548,Maruti Suzuki Vitara,PLATINUM,Pune,782999,59612,Diesel, 2nd Owner,2016,Maruti
549,Ford Ecosport -,PLATINUM,Bangalore,623399,30212,Petrol, 2nd Owner,2014,Ford
550,Maruti Suzuki Ignis,PLATINUM,Chennai,548699,18113,Petrol, 2nd Owner,2018,Maruti
551,Maruti Suzuki Alto,PLATINUM,Bangalore,397099,48435,Petrol, 2nd Owner,2018,Maruti
552,Maruti Suzuki Wagon,PLATINUM,Bangalore,392099,29297,Petrol, 1st Owner,2015,Maruti
553,Maruti Suzuki Wagon,PLATINUM,Bangalore,354599,53525,Petrol, 2nd Owner,2012,Maruti
554,Honda Amaze -,PLATINUM,Bangalore,719599,15890,Petrol, 1st Owner,2018,Honda
555,Honda WR V,PLATINUM,Bangalore,834099,31694,Petrol, 1st Owner,2019,Honda
556,Maruti Suzuki Alto,PLATINUM,Chennai,365899,36279,Petrol, 2nd Owner,2017,Maruti
557,Hyundai i10 Sportz,PLATINUM,Chennai,400899,33349,Petrol, 1st Owner,2015,Hyundai
558,Toyota Etios Liva,PLATINUM,Chennai,320199,103182,Petrol, 1st Owner,2012,Toyota
559,Hyundai Xcent S,PLATINUM,Chennai,457399,63048,Petrol, 2nd Owner,2016,Hyundai
560,Maruti Suzuki Baleno,PLATINUM,Chennai,717699,26358,Petrol, 2nd Owner,2017,Maruti
561,Maruti Suzuki Wagon,PLATINUM,Chennai,417299,18932,Petrol, 1st Owner,2017,Maruti
562,Maruti Suzuki Alto,PLATINUM,Pune,323199,20369,Petrol, 2nd Owner,2018,Maruti
563,Honda Jazz 1.2,PLATINUM,Bangalore,633999,58769,Petrol, 1st Owner,2016,Honda
564,Ford EcoSport Trend,GOLD,Pune,600000,52000,Diesel,,2016,Ford
565,Volkswagen Polo Highline,GOLD,Bangalore,795000,15000,Petrol,,2019,Volkswagen
566,Maruti Suzuki Vitara,GOLD,Pune,1000000,70000,Diesel,,2019,Maruti
567,Hyundai i20 Asta,GOLD,Pune,385000,52000,Petrol,,2012,Hyundai
568,Hyundai i20 Asta,GOLD,Pune,395000,32000,Petrol,,2013,Hyundai
569,Toyota Fortuner 3.0,GOLD,Chennai,1750000,155000,Diesel,,2015,Toyota
570,Maruti Suzuki Swift,GOLD,Chennai,600000,50000,Petrol,,2017,Maruti
571,Mahindra Verito Executive,GOLD,Kurnool,330000,120000,Diesel,,2015,Mahindra
572,Hyundai Creta 1.6,PLATINUM,Chennai,875999,123920,Diesel, 1st Owner,2017,Hyundai
573,Hyundai EON -,PLATINUM,Pune,309399,17900,Petrol, 3rd Owner,2016,Hyundai
574,Maruti Suzuki Baleno,PLATINUM,Bangalore,658999,31041,Petrol, 1st Owner,2017,Maruti
575,Maruti Suzuki Wagon,PLATINUM,Chennai,514099,61875,Petrol, 2nd Owner,2018,Maruti
576,Hyundai Elite i20,PLATINUM,Chennai,672899,29210,Petrol, 2nd Owner,2016,Hyundai
577,Mahindra TUV300 -,PLATINUM,Pune,620099,35826,Diesel, 1st Owner,2016,Mahindra
578,Ford Freestyle -,PLATINUM,Bangalore,733999,29364,Petrol, 2nd Owner,2019,Ford
579,Renault Triber -,PLATINUM,Chennai,664699,16304,Petrol, 1st Owner,2021,Renault
580,Maruti Suzuki Swift,PLATINUM,Chennai,454299,95731,Petrol, 2nd Owner,2015,Maruti
581,Maruti Suzuki Swift,PLATINUM,Bangalore,357499,31011,Petrol, 2nd Owner,2010,Maruti
582,Maruti Suzuki Swift,PLATINUM,Pune,447599,30601,Petrol, 1st Owner,2014,Maruti
583,Maruti Suzuki S,PLATINUM,Bangalore,422299,14568,Petrol, 1st Owner,2019,Maruti
584,Toyota Etios V,PLATINUM,Bangalore,449699,89559,Petrol, 2nd Owner,2012,Toyota
585,Hyundai Grand i10,PLATINUM,Bangalore,493499,48834,Petrol, 2nd Owner,2014,Hyundai
586,Hyundai Elite i20,PLATINUM,Chennai,605699,74190,Diesel, 2nd Owner,2014,Hyundai
587,Ford EcoSport Titanium,PLATINUM,Bangalore,755099,43077,Petrol, 2nd Owner,2016,Ford
588,Maruti Suzuki Swift,GOLD,Chennai,490000,58000,Petrol,,2015,Maruti
589,Honda City 1.5,GOLD,Chennai,450000,99000,Petrol,,2011,Honda
590,Tata Indigo CS,GOLD,Bangalore,160000,88500,Diesel,,2009,Tata
591,Chevrolet Beat LT,GOLD,Bangalore,215000,85000,Diesel,,2012,Chevrolet
592,Honda City ZX,GOLD,Pune,1150000,29000,Petrol,,2019,Honda
593,Maruti Suzuki Wagon,GOLD,Bangalore,349000,65000,Petrol,,2015,Maruti
594,MG Motors Hector,GOLD,Surat,1401000,16000,Petrol, 1st Owner,2020,MG
595,MG Motors Hector,GOLD,Ahmedabad,1401000,16000,Petrol, 1st Owner,2020,MG
596,Maruti Suzuki Eeco,PLATINUM,Bangalore,432699,17981,Petrol, 2nd Owner,2018,Maruti
597,Maruti Suzuki Eeco,PLATINUM,Chennai,418599,20780,Petrol, 2nd Owner,2018,Maruti
598,Maruti Suzuki Alto,PLATINUM,Chennai,275799,56719,Petrol, 2nd Owner,2014,Maruti
599,Maruti Suzuki Wagon,PLATINUM,Bangalore,456199,31108,Petrol, 2nd Owner,2015,Maruti
600,Honda City -,PLATINUM,Chennai,728499,33611,Petrol, 2nd Owner,2016,Honda
601,Maruti Suzuki Alto,PLATINUM,Chennai,431599,43700,Petrol, 2nd Owner,2019,Maruti
602,Maruti Suzuki Ignis,PLATINUM,Pune,533099,49920,Petrol, 2nd Owner,2017,Maruti
603,Maruti Suzuki Swift,PLATINUM,Bangalore,451399,57338,Petrol, 1st Owner,2014,Maruti
604,Hyundai Venue S,PLATINUM,Bangalore,840699,23096,Petrol, 1st Owner,2020,Hyundai
605,Maruti Suzuki Swift,PLATINUM,Chennai,486499,48732,Petrol, 1st Owner,2016,Maruti
606,Honda City -,PLATINUM,Pune,450199,67924,Petrol, 1st Owner,2012,Honda
607,Maruti Suzuki Wagon,PLATINUM,Chennai,418999,30418,Petrol, 2nd Owner,2014,Maruti
608,Honda City -,PLATINUM,Chennai,621299,50593,Petrol, 2nd Owner,2014,Honda
609,Hyundai i20 Active,PLATINUM,Chennai,508399,136381,Petrol, 2nd Owner,2016,Hyundai
610,Maruti Suzuki Celerio,PLATINUM,Pune,390999,46943,Petrol, 2nd Owner,2015,Maruti
611,Maruti Suzuki Swift,PLATINUM,Bangalore,675099,36277,Petrol, 2nd Owner,2017,Maruti
612,BMW X5 xDrive30d,GOLD,Madurai,3600000,110000,Diesel,,2014,BMW
613,Kia Seltos HTX,GOLD,Surat,1501000,5600,Diesel, 1st Owner,2021,Kia
614,Maruti Suzuki Swift,GOLD,Madurai,825000,44000,Diesel,,2019,Maruti
615,Maruti Suzuki Ertiga,GOLD,Madurai,1100000,40000,Petrol,,2019,Maruti
616,Kia Seltos HTX,GOLD,Ahmedabad,1501000,5600,Diesel, 1st Owner,2021,Kia
617,Maruti Suzuki Wagon,GOLD,Ahmedabad,130000,45000,Petrol, 2nd Owner,2007,Maruti
618,Toyota Etios GD,GOLD,Chennai,325000,150000,Diesel,,2012,Toyota
619,Tata Indigo CS,GOLD,Chennai,210000,90000,Diesel,,2016,Tata
620,Hyundai Xcent -,PLATINUM,Chennai,464199,70359,Diesel, 2nd Owner,2015,Hyundai
621,Hyundai EON Era,PLATINUM,Chennai,343999,42205,Petrol, 2nd Owner,2017,Hyundai
622,Nissan Micra -,PLATINUM,Chennai,441499,60539,Petrol, 2nd Owner,2015,Nissan
623,Maruti Suzuki Dzire,PLATINUM,Bangalore,684999,16533,Petrol, 2nd Owner,2019,Maruti
624,Volkswagen Polo -,PLATINUM,Pune,815399,26596,Petrol, 2nd Owner,2017,Volkswagen
625,Hyundai Grand i10,PLATINUM,Pune,468999,30912,Petrol, 2nd Owner,2016,Hyundai
626,Hyundai Venue -,PLATINUM,Bangalore,1194799,17951,Diesel, 2nd Owner,2019,Hyundai
627,Volkswagen Polo -,PLATINUM,Bangalore,599899,36928,Petrol, 2nd Owner,2015,Volkswagen
628,Maruti Suzuki Dzire,PLATINUM,Bangalore,710199,22854,Petrol, 2nd Owner,2018,Maruti
629,Hyundai i20 -,PLATINUM,Bangalore,474399,89156,Petrol, 1st Owner,2014,Hyundai
630,Maruti Suzuki Baleno,PLATINUM,Chennai,701399,41999,Petrol, 2nd Owner,2019,Maruti
631,Honda City -,PLATINUM,Chennai,834599,66145,Petrol, 2nd Owner,2017,Honda
632,Maruti Suzuki Alto,PLATINUM,Bangalore,333699,29157,Petrol, 2nd Owner,2017,Maruti
633,Hyundai EON Era,PLATINUM,Chennai,349799,33882,Petrol, 2nd Owner,2017,Hyundai
634,Hyundai EON Era,PLATINUM,Bangalore,286199,29379,Petrol, 2nd Owner,2013,Hyundai
635,Maruti Suzuki Alto,PLATINUM,Bangalore,386699,17352,Petrol, 2nd Owner,2019,Maruti
636,Toyota Fortuner 3.0,GOLD,Chennai,1050000,195000,Diesel,,2011,Toyota
637,Maruti Suzuki Swift,GOLD,Chennai,695000,16189,Petrol,,2020,Maruti
638,Maruti Suzuki Swift,GOLD,Chennai,695000,41341,Diesel,,2018,Maruti
639,Tata Tiago Revotorq,GOLD,Pune,550000,62000,Diesel,,2019,Tata
640,Hyundai Creta 1.6,GOLD,Delhi,1300000,19000,Diesel, 1st Owner,2021,Hyundai
641,Maruti Suzuki Ritz,GOLD,Jaipur,225000,56000,Petrol,,2011,Maruti
642,Maruti Suzuki Wagon,GOLD,Chennai,250000,91000,Petrol,,2010,Maruti
643,Renault Triber -,PLATINUM,Bangalore,659199,13486,Petrol, 1st Owner,2019,Renault
644,Hyundai Grand i10,PLATINUM,Chennai,572599,33562,Petrol, 2nd Owner,2018,Hyundai
645,Hyundai Verna -,PLATINUM,Pune,1171199,13691,Petrol, 2nd Owner,2018,Hyundai
646,Hyundai Grand i10,PLATINUM,Bangalore,557199,31980,Petrol, 2nd Owner,2017,Hyundai
647,Hyundai Grand i10,PLATINUM,Chennai,531399,69526,Petrol, 2nd Owner,2016,Hyundai
648,Maruti Suzuki Alto,PLATINUM,Bangalore,426199,21492,Petrol, 2nd Owner,2016,Maruti
649,Maruti Suzuki Celerio,PLATINUM,Chennai,432999,47425,Petrol, 1st Owner,2016,Maruti
650,Hyundai Grand i10,PLATINUM,Pune,458399,40988,Petrol, 2nd Owner,2016,Hyundai
651,Jeep Compass -,PLATINUM,Chennai,1465199,51983,Diesel, 2nd Owner,2018,Jeep
652,Maruti Suzuki Vitara,PLATINUM,Pune,783099,69376,Diesel, 2nd Owner,2018,Maruti
653,Maruti Suzuki Swift,PLATINUM,Chennai,562399,33094,Petrol, 2nd Owner,2017,Maruti
654,Tata Tiago -,PLATINUM,Bangalore,529199,26237,Petrol, 3rd Owner,2017,Tata
655,Honda Brio -,PLATINUM,Bangalore,447199,42415,Petrol, 1st Owner,2015,Honda
656,Hyundai Creta -,PLATINUM,Pune,944099,112308,Diesel, 2nd Owner,2016,Hyundai
657,Maruti Suzuki Celerio,PLATINUM,Bangalore,452099,61427,Petrol, 1st Owner,2017,Maruti
659,Maruti Suzuki Alto,GOLD,Chennai,179000,67000,Petrol,,2011,Maruti
660,Toyota Innova 2.5,GOLD,Chennai,775000,160000,Diesel,,2010,Toyota
661,Maruti Suzuki Ertiga,GOLD,Kolkata,425000,53000,Diesel,,2013,Maruti
662,Maruti Suzuki Swift,GOLD,Hyderabad,550000,59888,Petrol,,2017,Maruti
663,Maruti Suzuki Ciaz,GOLD,Hyderabad,795000,58492,Petrol, 1st Owner,2018,Maruti
664,Honda City 1.5,GOLD,Kolkata,350888,45000,Petrol, 1st Owner,2011,Honda
665,Maruti Suzuki Swift,GOLD,Kolkata,275000,48000,Diesel,,2012,Maruti
666,Tata Nexon XZ,GOLD,Chennai,890000,34000,Petrol,,2018,Tata
667,Maruti Suzuki Swift,PLATINUM,Chennai,580599,75691,Diesel, 2nd Owner,2017,Maruti
668,Maruti Suzuki Alto,PLATINUM,Chennai,223299,84301,Petrol, 3rd Owner,2013,Maruti
669,Tata Tiago -,PLATINUM,Bangalore,600399,38346,Petrol, 2nd Owner,2019,Tata
670,Maruti Suzuki Alto,PLATINUM,Chennai,367399,41530,Petrol, 2nd Owner,2017,Maruti
671,Ford Ecosport -,PLATINUM,Pune,704099,23049,Petrol, 2nd Owner,2017,Ford
672,Maruti Suzuki Wagon,PLATINUM,Bangalore,377899,74510,Petrol, 1st Owner,2016,Maruti
673,Maruti Suzuki Wagon,PLATINUM,Bangalore,458699,20141,Petrol, 2nd Owner,2016,Maruti
674,Ford Ecosport -,PLATINUM,Chennai,566199,85860,Petrol, 2nd Owner,2015,Ford
675,Maruti Suzuki Swift,PLATINUM,Pune,594599,63133,Diesel, 1st Owner,2017,Maruti
676,Maruti Suzuki Dzire,PLATINUM,Bangalore,678699,71894,Petrol, 2nd Owner,2018,Maruti
677,Renault Duster -,PLATINUM,Bangalore,883099,95627,Diesel, 2nd Owner,2017,Renault
678,Ford Ecosport -,PLATINUM,Pune,578099,75324,Diesel, 2nd Owner,2014,Ford
679,Maruti Suzuki Alto,PLATINUM,Pune,305899,64611,Petrol, 2nd Owner,2015,Maruti
680,Maruti Suzuki Celerio,PLATINUM,Bangalore,457399,77128,Petrol, 3rd Owner,2016,Maruti
681,Maruti Suzuki Alto,PLATINUM,Bangalore,316799,36306,Petrol, 1st Owner,2016,Maruti
682,Hyundai i20 Asta,PLATINUM,Bangalore,399999,83803,Petrol, 1st Owner,2011,Hyundai
683,Mahindra XUV 500,GOLD,Mumbai,1100000,44000,Diesel, 1st Owner,2018,Mahindra
684,Mahindra KUV100 K4,GOLD,Chennai,325000,108000,Diesel,,2018,Mahindra
685,Hyundai i20 Era,GOLD,Chennai,550000,55000,Diesel,,2018,Hyundai
686,Honda City 1.5,GOLD,Kolkata,990888,700,Petrol, 1st Owner,2020,Honda
687,Mahindra Jeep CL,GOLD,Ahmedabad,480000,25,Diesel,,2020,Mahindra
688,Maruti Suzuki Gypsy,GOLD,Hyderabad,500000,258,Petrol,,2018,Maruti
689,Maruti Suzuki Swift,GOLD,Chennai,390000,81152,Diesel,,2011,Maruti
692,Hyundai Creta 1.6,PLATINUM,Chennai,841499,75398,Petrol, 2nd Owner,2017,Hyundai
693,Honda City ZX,PLATINUM,Bangalore,1016899,42317,Petrol, 1st Owner,2017,Honda
694,Maruti Suzuki Swift,PLATINUM,Bangalore,748599,60214,Diesel, 2nd Owner,2018,Maruti
695,Maruti Suzuki Swift,PLATINUM,Pune,622099,58861,Diesel, 2nd Owner,2017,Maruti
696,Volkswagen Polo -,PLATINUM,Pune,530699,27995,Petrol, 2nd Owner,2016,Volkswagen
697,Maruti Suzuki Celerio,PLATINUM,Bangalore,471899,61018,Petrol, 2nd Owner,2017,Maruti
698,Maruti Suzuki Swift,PLATINUM,Chennai,505399,67109,Petrol, 2nd Owner,2015,Maruti
699,Maruti Suzuki Wagon,PLATINUM,Chennai,460299,81811,Petrol, 2nd Owner,2017,Maruti
700,Hyundai Verna 1.6,PLATINUM,Pune,683999,27357,Petrol, 1st Owner,2017,Hyundai
701,Volkswagen Polo HIGHLINE1.2L,PLATINUM,Bangalore,639699,53293,Petrol, 3rd Owner,2018,Volkswagen
702,Maruti Suzuki Celerio,PLATINUM,Bangalore,510499,45260,Petrol, 2nd Owner,2017,Maruti
703,Hyundai Venue -,PLATINUM,Pune,1185499,3139,Petrol, 2nd Owner,2019,Hyundai
704,Maruti Suzuki Celerio,PLATINUM,Bangalore,471899,44690,Petrol, 1st Owner,2017,Maruti
705,Hyundai Santro ASTA,PLATINUM,Bangalore,579899,13858,Petrol, 1st Owner,2019,Hyundai
706,Maruti Suzuki Alto,PLATINUM,Bangalore,333699,25256,Petrol, 2nd Owner,2017,Maruti
707,Hyundai i20 Magna,GOLD,Bangalore,385000,94000,Diesel,,2012,Hyundai
708,Maruti Suzuki Ciaz,GOLD,Delhi,590000,44100,Hybrid, 1st Owner,2016,Maruti
709,Honda Amaze 1.2,GOLD,Kolkata,375888,47000,Petrol, 1st Owner,2016,Honda
710,Hyundai Santa Fe,GOLD,Mumbai,775000,126000,Diesel,,2012,Hyundai
711,Mahindra XUV 500,GOLD,Kolkata,778888,46000,Diesel, 1st Owner,2015,Mahindra
712,Audi Q5 2.0,GOLD,Mumbai,1850000,75000,Diesel,,2014,Audi
713,Volvo XC60 D3,GOLD,Mumbai,1750000,86000,Diesel, 2nd Owner,2012,Volvo
714,Volkswagen Polo COMFORTLINE,PLATINUM,Bangalore,582899,15227,Petrol, 1st Owner,2017,Volkswagen
715,Volkswagen Polo -,PLATINUM,Chennai,414099,87375,Diesel, 1st Owner,2014,Volkswagen
716,Maruti Suzuki Eeco,PLATINUM,Chennai,516599,7679,Petrol, 2nd Owner,2020,Maruti
717,Maruti Suzuki Alto,PLATINUM,Bangalore,366299,48378,Petrol, 1st Owner,2016,Maruti
718,Maruti Suzuki Wagon,PLATINUM,Chennai,375899,54645,Petrol, 1st Owner,2014,Maruti
719,Maruti Suzuki Eeco,PLATINUM,Chennai,493899,7211,Petrol, 1st Owner,2019,Maruti
720,Datsun Redi GO,PLATINUM,Bangalore,311399,37217,Petrol, 2nd Owner,2017,Datsun
721,Maruti Suzuki Eeco,PLATINUM,Chennai,493899,32372,Petrol, 1st Owner,2019,Maruti
722,Maruti Suzuki Wagon,PLATINUM,Chennai,501999,37947,Petrol, 2nd Owner,2018,Maruti
723,Hyundai Grand i10,PLATINUM,Pune,409399,51886,Petrol, 2nd Owner,2014,Hyundai
724,Toyota Innova Crysta,PLATINUM,Pune,1737899,43187,Diesel, 2nd Owner,2018,Toyota
725,Hyundai i20 Active,PLATINUM,Pune,583999,33616,Diesel, 1st Owner,2015,Hyundai
726,Volkswagen Vento -,PLATINUM,Chennai,654299,91087,Diesel, 1st Owner,2015,Volkswagen
727,Ford Ecosport -,PLATINUM,Bangalore,986699,26372,Petrol, 2nd Owner,2018,Ford
728,Maruti Suzuki Celerio,PLATINUM,Bangalore,414199,58762,Petrol, 1st Owner,2014,Maruti
729,Hyundai Elite i20,PLATINUM,Chennai,588099,101920,Diesel, 2nd Owner,2016,Hyundai
730,Maruti Suzuki Swift,GOLD,Jaipur,490000,44000,Petrol,,2014,Maruti
731,Mahindra Scorpio 2.6,GOLD,Jaipur,225000,85000,Diesel,,2007,Mahindra
732,Maruti Suzuki Vitara,GOLD,Jaipur,775000,64000,Diesel,,2017,Maruti
733,Kia Sonet -,GOLD,Jaipur,1050000,13000,Diesel,,2021,Kia
734,Honda Amaze 1.5,GOLD,Jaipur,425000,76000,Diesel,,2015,Honda
735,Maruti Suzuki Alto,GOLD,Jaipur,275000,45000,Petrol,,2015,Maruti
736,Tata Nexon XZ,GOLD,Jaipur,875000,63088,Diesel,,2019,Tata
737,Maruti Suzuki Alto,GOLD,Chennai,250000,54123,Petrol,,2013,Maruti
738,Hyundai i20 Active,PLATINUM,Pune,567399,35140,Petrol, 2nd Owner,2015,Hyundai
739,Maruti Suzuki Ciaz,PLATINUM,Pune,805099,50842,Diesel, 2nd Owner,2018,Maruti
740,Honda Amaze -,PLATINUM,Pune,492199,43412,Petrol, 1st Owner,2015,Honda
741,Honda Jazz -,PLATINUM,Pune,495799,46201,Petrol, 1st Owner,2016,Honda
742,Maruti Suzuki S,PLATINUM,Bangalore,1113599,63626,Diesel, 2nd Owner,2017,Maruti
743,Maruti Suzuki Alto,PLATINUM,Chennai,299999,18251,Petrol, 1st Owner,2016,Maruti
744,Maruti Suzuki Baleno,PLATINUM,Chennai,592099,41019,Petrol, 2nd Owner,2016,Maruti
745,Renault Kwid RXT,PLATINUM,Chennai,322299,46463,Petrol, 1st Owner,2015,Renault
746,Renault Kwid -,PLATINUM,Bangalore,481999,20110,Petrol, 2nd Owner,2017,Renault
747,Hyundai Grand i10,PLATINUM,Pune,534599,17364,Petrol, 2nd Owner,2016,Hyundai
749,Maruti Suzuki Celerio,PLATINUM,Bangalore,429599,35109,Petrol, 2nd Owner,2016,Maruti
750,Honda Amaze -,PLATINUM,Chennai,723799,44266,Petrol, 2nd Owner,2018,Honda
751,Volkswagen Polo -,PLATINUM,Chennai,563299,39156,Petrol, 2nd Owner,2017,Volkswagen
752,Maruti Suzuki Alto,PLATINUM,Pune,214199,57993,Petrol, 3rd Owner,2011,Maruti
753,Maruti Suzuki Alto,PLATINUM,Bangalore,319399,51573,Petrol, 2nd Owner,2015,Maruti
754,Fiat Punto Emotion,GOLD,Pune,180000,88000,Petrol,,2011,Fiat
755,Hyundai i20 Sportz,GOLD,Pune,415000,67000,Petrol,,2014,Hyundai
756,Maruti Suzuki Swift,GOLD,Pune,350000,73000,Diesel,,2011,Maruti
757,Hyundai Elite i20,GOLD,Kolkata,430000,39000,Petrol,,2015,Hyundai
758,Mahindra XUV 500,GOLD,Thane,450000,87500,Diesel,,2012,Mahindra
759,Honda Accord 2.4,GOLD,Bhubaneswar,325000,86000,Petrol,,2006,Honda
760,Hyundai Grand i10,GOLD,Bangalore,565000,19900,Petrol,,2017,Hyundai
761,Nissan Terrano XV,GOLD,Madurai,880000,22000,Diesel,,2013,Nissan
762,Maruti Suzuki Vitara,PLATINUM,Bangalore,810399,78329,Diesel, 2nd Owner,2016,Maruti
763,Maruti Suzuki Ertiga,PLATINUM,Chennai,788999,61977,Diesel, 1st Owner,2016,Maruti
764,Mahindra KUV100 K6,PLATINUM,Bangalore,508799,58640,Diesel, 1st Owner,2016,Mahindra
765,Renault Kwid -,PLATINUM,Bangalore,457099,40650,Petrol, 1st Owner,2018,Renault
766,Volkswagen Polo -,PLATINUM,Bangalore,612899,19121,Petrol, 2nd Owner,2019,Volkswagen
767,Ford Ecosport -,PLATINUM,Chennai,684099,85893,Diesel, 2nd Owner,2016,Ford
768,Renault Triber -,PLATINUM,Chennai,716699,9874,Petrol, 2nd Owner,2019,Renault
769,Hyundai Grand i10,PLATINUM,Bangalore,501599,25202,Petrol, 1st Owner,2016,Hyundai
770,Hyundai Grand i10,PLATINUM,Chennai,509699,95999,Petrol, 2nd Owner,2016,Hyundai
771,Maruti Suzuki Alto,PLATINUM,Bangalore,337799,49074,Petrol, 2nd Owner,2014,Maruti
772,Hyundai Verna 1.6,PLATINUM,Pune,852399,52439,Petrol, 2nd Owner,2017,Hyundai
773,Mahindra XUV 500,PLATINUM,Bangalore,1784699,10813,Diesel, 1st Owner,2020,Mahindra
774,Hyundai Creta -,PLATINUM,Chennai,778199,127971,Petrol, 2nd Owner,2016,Hyundai
775,Maruti Suzuki Swift,PLATINUM,Chennai,705099,114108,Diesel, 2nd Owner,2018,Maruti
776,Hyundai Grand i10,PLATINUM,Chennai,557599,52030,Diesel, 2nd Owner,2017,Hyundai
777,Mahindra XUV 500,PLATINUM,Pune,1518099,44721,Diesel, 2nd Owner,2018,Mahindra
778,Mahindra Marazzo M6,GOLD,Madurai,1190000,50000,Diesel,,2018,Mahindra
779,Skoda Laura Ambition,GOLD,Madurai,590000,95000,Diesel,,2011,Skoda
780,Tata Harrier XZ,GOLD,Madurai,1980000,17000,Diesel,,2020,Tata
781,Mahindra XUV 500,GOLD,Chennai,1350000,52500,Diesel,,2018,Mahindra
782,BMW 5 Series,GOLD,NaviMumbai,1059000,49000,Petrol, 3rd Owner,2010,BMW
783,Maruti Suzuki Alto,GOLD,Kolkata,185000,55000,Petrol, 1st Owner,2011,Maruti
784,Mahindra Scorpio 2.6,GOLD,Chennai,710000,81500,Diesel,,2014,Mahindra
785,Mercedes Benz E,GOLD,Kolkata,1948888,10000,Diesel, 1st Owner,2013,Mercedes
786,Tata Harrier -,PLATINUM,Bangalore,2272499,22667,Diesel, 2nd Owner,2020,Tata
787,Honda City -,PLATINUM,Bangalore,626199,68519,Petrol, 1st Owner,2014,Honda
788,Tata Nano -,PLATINUM,Bangalore,236099,64011,Petrol, 1st Owner,2015,Tata
789,Maruti Suzuki Alto,PLATINUM,Bangalore,430499,13598,Petrol, 1st Owner,2021,Maruti
790,Maruti Suzuki Wagon,PLATINUM,Bangalore,442799,47037,Petrol, 2nd Owner,2014,Maruti
791,Hyundai Creta -,PLATINUM,Pune,1373699,69711,Petrol, 2nd Owner,2018,Hyundai
792,Hyundai Elite i20,PLATINUM,Pune,589299,49189,Petrol, 2nd Owner,2015,Hyundai
793,Maruti Suzuki Alto,PLATINUM,Chennai,298199,18368,Petrol, 1st Owner,2016,Maruti
794,Tata Harrier -,PLATINUM,Pune,1508799,16874,Diesel, 2nd Owner,2020,Tata
795,Maruti Suzuki Eeco,PLATINUM,Bangalore,473699,24484,Petrol, 2nd Owner,2019,Maruti
796,Maruti Suzuki Baleno,PLATINUM,Chennai,656299,20688,Petrol, 2nd Owner,2019,Maruti
797,Maruti Suzuki Alto,PLATINUM,Chennai,345799,24065,Petrol, 2nd Owner,2016,Maruti
798,Hyundai Grand i10,PLATINUM,Chennai,584599,22609,Petrol, 2nd Owner,2018,Hyundai
799,Skoda Rapid -,PLATINUM,Pune,786799,56523,Diesel, 2nd Owner,2017,Skoda
800,Hyundai Elite i20,PLATINUM,Chennai,624799,48031,Petrol, 2nd Owner,2018,Hyundai
801,Hyundai Grand i10,PLATINUM,Chennai,472399,45578,Petrol, 1st Owner,2016,Hyundai
802,Hyundai Fluidic Verna,GOLD,Kolkata,408888,70070,Diesel, 1st Owner,2012,Hyundai
803,Hyundai i10 Magna,GOLD,Kolkata,288888,28000,Petrol, 1st Owner,2015,Hyundai
804,Chevrolet Sail 1.2,GOLD,Kolkata,198888,30030,Diesel, 1st Owner,2013,Chevrolet
805,Ford Endeavor 4X4,GOLD,Kolkata,898888,25000,Diesel, 1st Owner,2011,Ford
806,BMW 3 Series,GOLD,Kolkata,1148888,8000,Diesel, 1st Owner,2013,BMW
807,Chevrolet Spark -,GOLD,Chennai,79000,53000,Petrol,,2010,Chevrolet
808,Honda City -,GOLD,Chennai,97000,68000,Petrol,,2007,Honda
809,Hyundai Santro GLS,GOLD,Pune,135000,58000,Petrol,,2007,Hyundai
810,Hyundai Elite i20,PLATINUM,Bangalore,687199,28648,Petrol, 1st Owner,2016,Hyundai
811,Hyundai i10 Magna,PLATINUM,Bangalore,387099,59819,Petrol, 2nd Owner,2015,Hyundai
812,Maruti Suzuki Baleno,PLATINUM,Chennai,650599,19574,Petrol, 2nd Owner,2018,Maruti
813,Tata Hexa -,PLATINUM,Chennai,1705799,46337,Diesel, 2nd Owner,2019,Tata
814,Volkswagen Polo -,PLATINUM,Bangalore,526899,73563,Petrol, 1st Owner,2015,Volkswagen
815,Honda Jazz -,PLATINUM,Chennai,612799,51428,Petrol, 2nd Owner,2016,Honda
816,Maruti Suzuki Alto,PLATINUM,Chennai,269099,95754,Petrol, 2nd Owner,2016,Maruti
817,Tata Hexa -,PLATINUM,Chennai,1952199,34533,Diesel, 2nd Owner,2019,Tata
818,Maruti Suzuki Baleno,PLATINUM,Chennai,646299,50154,Petrol, 2nd Owner,2016,Maruti
819,Maruti Suzuki Celerio,PLATINUM,Bangalore,425899,23492,Petrol, 2nd Owner,2016,Maruti
820,Maruti Suzuki Celerio,PLATINUM,Bangalore,496399,37739,Petrol, 2nd Owner,2017,Maruti
821,Maruti Suzuki Celerio,PLATINUM,Bangalore,393799,46178,Petrol, 3rd Owner,2015,Maruti
822,Maruti Suzuki Baleno,PLATINUM,Chennai,619599,42893,Petrol, 1st Owner,2017,Maruti
823,Maruti Suzuki Alto,PLATINUM,Pune,423599,57875,Petrol + CNG, 2nd Owner,2019,Maruti
824,Hyundai Venue -,PLATINUM,Pune,831999,4832,Petrol, 2nd Owner,2020,Hyundai
825,Renault Triber -,PLATINUM,Chennai,695099,27805,Petrol, 2nd Owner,2019,Renault
826,Hyundai Xcent S,GOLD,Ahmedabad,390000,71000,Diesel, 1st Owner,2014,Hyundai
827,Toyota Fortuner 3.0,GOLD,Chennai,1350000,140000,Diesel,,2013,Toyota
828,Toyota Innova 2.5,GOLD,Chennai,1350000,70000,Diesel,,2014,Toyota
829,Honda City ZX,GOLD,Chennai,250000,75000,Petrol,,2008,Honda
830,Maruti Suzuki Alto,GOLD,Pune,145000,57000,Petrol,,2009,Maruti
831,Maruti Suzuki Vitara,GOLD,Pune,980000,57000,Diesel,,2018,Maruti
832,Hyundai Creta 1.4,GOLD,Pune,980000,91000,Diesel,,2018,Hyundai
833,Hyundai i10 Sportz,GOLD,Nagpur,195000,86000,Petrol,,2009,Hyundai
834,Maruti Suzuki Alto,PLATINUM,Chennai,261499,68844,Petrol, 2nd Owner,2013,Maruti
835,Honda Jazz -,PLATINUM,Chennai,649699,37070,Petrol, 1st Owner,2017,Honda
836,Hyundai Grand i10,PLATINUM,Pune,494099,20393,Petrol, 2nd Owner,2017,Hyundai
837,Maruti Suzuki Alto,PLATINUM,Pune,313399,22244,Petrol, 2nd Owner,2017,Maruti
838,Toyota Fortuner -,PLATINUM,Chennai,2122099,47024,Diesel, 1st Owner,2016,Toyota
839,Hyundai Elite i20,PLATINUM,Chennai,552799,64707,Petrol, 2nd Owner,2015,Hyundai
840,Ford Ecosport -,PLATINUM,Pune,490099,52149,Petrol, 2nd Owner,2013,Ford
841,Hyundai Grand i10,PLATINUM,Pune,638599,11203,Petrol, 2nd Owner,2017,Hyundai
842,Maruti Suzuki Alto,PLATINUM,Pune,374799,18071,Petrol, 2nd Owner,2015,Maruti
843,Hyundai Elite i20,PLATINUM,Chennai,517499,81412,Petrol, 2nd Owner,2016,Hyundai
844,Maruti Suzuki Swift,PLATINUM,Chennai,553899,41912,Petrol, 2nd Owner,2016,Maruti
845,Maruti Suzuki Swift,PLATINUM,Chennai,579199,32516,Petrol, 2nd Owner,2016,Maruti
846,Hyundai Grand i10,PLATINUM,Bangalore,531999,41552,Petrol, 2nd Owner,2015,Hyundai
847,Hyundai Grand i10,PLATINUM,Chennai,496199,21790,Petrol, 1st Owner,2018,Hyundai
848,Maruti Suzuki Baleno,PLATINUM,Chennai,659099,34010,Petrol, 2nd Owner,2019,Maruti
849,Hyundai Elite i20,PLATINUM,Chennai,534799,50050,Petrol, 2nd Owner,2016,Hyundai
850,Maruti Suzuki Ertiga,GOLD,Chennai,950000,2000,Petrol,,2019,Maruti
851,Maruti Suzuki Swift,GOLD,Nagpur,265000,71000,Petrol,,2010,Maruti
852,Hyundai i20 Asta,GOLD,Chennai,650000,52000,Diesel,,2015,Hyundai
853,Maruti Suzuki Swift,GOLD,Chennai,650000,35000,Petrol,,2018,Maruti
854,Renault Kwid RXT,GOLD,Chennai,290000,41000,Petrol,,2016,Renault
855,Tata Indigo LX,GOLD,Bangalore,74999,125000,Diesel,,2003,Tata
856,Maruti Suzuki Alto,GOLD,Bangalore,155000,85000,Petrol,,2006,Maruti
857,Chevrolet Optra -,GOLD,Chennai,69000,85000,Petrol,,2005,Chevrolet
859,Maruti Suzuki Wagon,PLATINUM,Chennai,298599,75822,Petrol, 1st Owner,2011,Maruti
860,Tata Tiago -,PLATINUM,Bangalore,490199,28589,Petrol, 1st Owner,2016,Tata
861,Renault Kwid -,PLATINUM,Bangalore,422999,15883,Petrol, 2nd Owner,2017,Renault
862,Hyundai Elite i20,PLATINUM,Chennai,656399,63648,Petrol, 1st Owner,2016,Hyundai
863,Maruti Suzuki Vitara,PLATINUM,Pune,688599,156931,Diesel, 2nd Owner,2016,Maruti
864,Maruti Suzuki XL6,PLATINUM,Pune,1113299,13829,Petrol, 2nd Owner,2019,Maruti
865,Maruti Suzuki Baleno,PLATINUM,Pune,608399,28361,Petrol, 1st Owner,2016,Maruti
866,Hyundai Grand i10,PLATINUM,Chennai,587399,77960,Petrol, 1st Owner,2017,Hyundai
867,Maruti Suzuki Celerio,PLATINUM,Bangalore,449699,33473,Petrol, 2nd Owner,2015,Maruti
868,Maruti Suzuki Eeco,PLATINUM,Chennai,464899,29052,Petrol, 2nd Owner,2019,Maruti
869,Maruti Suzuki Alto,PLATINUM,Chennai,302699,68041,Petrol, 2nd Owner,2017,Maruti
870,Maruti Suzuki Baleno,PLATINUM,Bangalore,583299,61361,Petrol, 2nd Owner,2015,Maruti
871,Honda BRV -,PLATINUM,Bangalore,877999,32218,Petrol, 2nd Owner,2018,Honda
872,Hyundai i10 Magna,PLATINUM,Chennai,398499,28579,Petrol, 1st Owner,2016,Hyundai
873,Hyundai Grand i10,PLATINUM,Chennai,529399,51343,Petrol, 2nd Owner,2017,Hyundai
875,Honda City 1.5,GOLD,Hyderabad,700000,86868,Petrol,,2016,Honda
876,Hyundai Accent -,GOLD,Chennai,79000,85000,Petrol,,2002,Hyundai
877,Maruti Suzuki Swift,GOLD,Chennai,390000,77000,Petrol,,2012,Maruti
878,Honda City V,GOLD,Chennai,950000,35500,Petrol, 1st Owner,2017,Honda
879,Toyota Glanza G,GOLD,Chennai,725000,19942,Petrol,,2019,Toyota
880,Hyundai i20 Sportz,GOLD,Bangalore,439000,16000,Petrol, 1st Owner,2012,Hyundai
881,Honda City ZX,GOLD,,1069999,54000,CNG, 1st Owner,2018,Honda
882,Renault Kwid RxL,PLATINUM,Bangalore,422299,17357,Petrol, 2nd Owner,2019,Renault
883,Ford Figo Aspire,PLATINUM,Bangalore,589999,14517,Petrol, 2nd Owner,2017,Ford
884,Maruti Suzuki Baleno,PLATINUM,Chennai,661299,13517,Petrol, 1st Owner,2017,Maruti
885,Maruti Suzuki Wagon,PLATINUM,Chennai,429099,42302,Petrol, 1st Owner,2017,Maruti
886,Maruti Suzuki Celerio,PLATINUM,Chennai,389399,65783,Petrol, 2nd Owner,2015,Maruti
887,Renault Lodgy -,PLATINUM,Chennai,629799,138716,Diesel, 2nd Owner,2015,Renault
888,Hyundai i10 Sportz,PLATINUM,Bangalore,397299,43339,Petrol, 1st Owner,2013,Hyundai
889,Maruti Suzuki Ignis,PLATINUM,Pune,546399,19526,Petrol, 2nd Owner,2018,Maruti
890,Maruti Suzuki Alto,PLATINUM,Bangalore,412999,25673,Petrol, 1st Owner,2016,Maruti
891,Maruti Suzuki Celerio,PLATINUM,Chennai,402799,93304,Petrol, 2nd Owner,2016,Maruti
892,Hyundai Creta -,PLATINUM,Chennai,915699,94409,Diesel, 2nd Owner,2019,Hyundai
893,Maruti Suzuki Celerio,PLATINUM,Chennai,361499,66799,Petrol,,2014,Maruti
894,Hyundai EON -,PLATINUM,Chennai,357899,27339,Petrol, 2nd Owner,2016,Hyundai
895,Renault Kwid -,PLATINUM,Pune,475399,9095,Petrol, 2nd Owner,2018,Renault
896,Maruti Suzuki Eeco,PLATINUM,Bangalore,485299,21934,Petrol, 1st Owner,2019,Maruti
897,Maruti Suzuki Baleno,PLATINUM,Bangalore,643599,51706,Petrol, 2nd Owner,2016,Maruti
898,Honda City ZX,GOLD,Dwarka,1069999,54000,CNG, 1st Owner,2018,Honda
899,Honda City ZX,GOLD,GirSomnath,1069999,54000,CNG, 1st Owner,2018,Honda
900,Honda City ZX,GOLD,Anand,1069999,54000,CNG, 1st Owner,2018,Honda
901,Hyundai i20 Asta,GOLD,Chennai,255000,90000,Petrol,,2009,Hyundai
902,Tata Hexa -,GOLD,Muzaffarnagar,1500000,85000,Diesel,,2019,Tata
903,Mahindra XUV 500,GOLD,Jaipur,650000,89000,Diesel,,2014,Mahindra
904,Hyundai Santro Xing,GOLD,Jaipur,175000,45000,Petrol,,2010,Hyundai
905,Honda WRV VX,GOLD,Kolkata,735000,34000,Petrol, 1st Owner,2018,Honda
906,Maruti Suzuki Wagon,PLATINUM,Pune,438199,31281,Petrol, 1st Owner,2018,Maruti
907,Honda City -,PLATINUM,Bangalore,924599,46312,Petrol, 2nd Owner,2019,Honda
908,Hyundai Elite i20,PLATINUM,Chennai,664099,32989,Petrol, 1st Owner,2018,Hyundai
909,Renault Kwid -,PLATINUM,Bangalore,462299,50599,Petrol, 2nd Owner,2018,Renault
910,Honda Brio -,PLATINUM,Bangalore,438499,26127,Petrol, 2nd Owner,2016,Honda
911,Maruti Suzuki Vitara,PLATINUM,Bangalore,680999,58118,Diesel, 2nd Owner,2016,Maruti
912,Maruti Suzuki Alto,PLATINUM,Chennai,393199,23534,Petrol, 2nd Owner,2019,Maruti
913,Maruti Suzuki Baleno,PLATINUM,Chennai,646799,58978,Petrol, 2nd Owner,2018,Maruti
914,Maruti Suzuki Wagon,PLATINUM,Pune,349999,33103,Petrol, 1st Owner,2014,Maruti
915,Maruti Suzuki Eeco,PLATINUM,Bangalore,419599,14600,Petrol, 2nd Owner,2018,Maruti
916,Maruti Suzuki Baleno,PLATINUM,Pune,585099,26049,Petrol, 2nd Owner,2016,Maruti
917,Ford Freestyle -,PLATINUM,Bangalore,627799,33895,Diesel, 1st Owner,2018,Ford
918,Volkswagen Polo -,PLATINUM,Bangalore,520799,32893,Petrol, 2nd Owner,2017,Volkswagen
919,Maruti Suzuki Swift,PLATINUM,Chennai,410199,61717,Petrol, 3rd Owner,2013,Maruti
920,Maruti Suzuki Wagon,PLATINUM,Chennai,404399,82334,Petrol, 2nd Owner,2017,Maruti
921,Hyundai Verna -,PLATINUM,Chennai,682799,87381,Petrol, 2nd Owner,2017,Hyundai
922,Land Rover Range,GOLD,Chennai,4490000,51000,Diesel,,2017,Land
923,Honda City ZX,GOLD,Delhi,150000,85000,Petrol,,2008,Honda
924,Porsche Cayenne Select,GOLD,Mumbai,3300000,38000,Electric, 1st Owner,2011,Porsche
925,Toyota Innova 2.5,GOLD,Bangalore,1175000,210000,Diesel, 1st Owner,2013,Toyota
926,Maruti Suzuki Ciaz,GOLD,Bangalore,975000,24200,Petrol,,2019,Maruti
927,MG Motors Hector,GOLD,Trichy,2000000,28000,Diesel,,2021,MG
928,Mahindra Bolero ZLX,GOLD,Trichy,535000,135000,Diesel,,2012,Mahindra
929,Ford Ecosport -,PLATINUM,Pune,1045799,34642,Petrol, 2nd Owner,2019,Ford
930,Maruti Suzuki Swift,PLATINUM,Chennai,410199,154104,Petrol, 2nd Owner,2013,Maruti
931,Maruti Suzuki Alto,PLATINUM,Chennai,297299,61826,Petrol, 2nd Owner,2016,Maruti
932,Tata Nexon -,PLATINUM,Pune,980199,44751,Diesel, 2nd Owner,2018,Tata
933,Honda Jazz -,PLATINUM,Chennai,794299,5183,Petrol, 2nd Owner,2019,Honda
934,Maruti Suzuki Swift,PLATINUM,Pune,411899,136082,Diesel, 2nd Owner,2012,Maruti
935,Maruti Suzuki Celerio,PLATINUM,Chennai,557399,5817,Petrol, 1st Owner,2019,Maruti
936,Hyundai Creta -,PLATINUM,Pune,896099,99138,Diesel, 2nd Owner,2015,Hyundai
937,Honda Jazz -,PLATINUM,Pune,637699,27936,Petrol, 2nd Owner,2016,Honda
938,Maruti Suzuki Alto,PLATINUM,Chennai,254499,39845,Petrol, 3rd Owner,2014,Maruti
939,Maruti Suzuki Eeco,PLATINUM,Chennai,457699,15615,Petrol, 2nd Owner,2019,Maruti
940,Honda Brio -,PLATINUM,Chennai,361599,53158,Petrol, 2nd Owner,2012,Honda
941,Maruti Suzuki Baleno,PLATINUM,Pune,675799,16002,Petrol, 2nd Owner,2019,Maruti
942,Maruti Suzuki Wagon,PLATINUM,Pune,389499,31133,Petrol, 1st Owner,2015,Maruti
943,Maruti Suzuki Baleno,PLATINUM,Bangalore,625599,20172,Petrol, 2nd Owner,2016,Maruti
944,Volkswagen Polo -,PLATINUM,Bangalore,686999,69653,Petrol, 1st Owner,2013,Volkswagen
945,Maruti Suzuki Celerio,GOLD,Trichy,425000,75000,Petrol,,2015,Maruti
946,Renault Pulse RxL,GOLD,Trichy,350000,132000,Diesel,,2012,Renault
947,Skoda Rapid 1.5,GOLD,Trichy,560000,84000,Diesel,,2014,Skoda
948,Maruti Suzuki SX4,GOLD,Trichy,250000,147000,Petrol,,2007,Maruti
949,Hyundai Santro GLS,GOLD,Uttarpara,90000,61000,Petrol,,2008,Hyundai
950,Hyundai i10 Era,GOLD,Delhi,200000,56000,Petrol,,2012,Hyundai
952,Hyundai i20 Era,GOLD,Chennai,620000,55000,Diesel,,2018,Hyundai
953,Volkswagen Ameo Comfortline,PLATINUM,Chennai,519699,26023,Petrol, 1st Owner,2017,Volkswagen
954,Maruti Suzuki Alto,PLATINUM,Chennai,324599,19805,Petrol, 2nd Owner,2018,Maruti
955,Maruti Suzuki Alto,PLATINUM,Chennai,340199,41365,Petrol, 2nd Owner,2017,Maruti
956,Ford Ecosport -,PLATINUM,Chennai,693999,90001,Diesel, 1st Owner,2017,Ford
957,Hyundai EON Era,PLATINUM,Chennai,310999,45285,Petrol, 2nd Owner,2016,Hyundai
958,Maruti Suzuki Ciaz,PLATINUM,Bangalore,722199,42441,Petrol, 2nd Owner,2016,Maruti
959,Maruti Suzuki Celerio,PLATINUM,Bangalore,485099,24342,Petrol, 3rd Owner,2016,Maruti
960,Maruti Suzuki Dzire,PLATINUM,Chennai,614999,14308,Petrol, 2nd Owner,2017,Maruti
961,Maruti Suzuki Vitara,PLATINUM,Pune,1061399,32456,Diesel, 2nd Owner,2018,Maruti
962,Maruti Suzuki S,PLATINUM,Pune,879699,58448,Diesel, 1st Owner,2018,Maruti
963,Maruti Suzuki Ertiga,PLATINUM,Chennai,755199,86576,Diesel, 2nd Owner,2016,Maruti
964,Ford Ecosport -,PLATINUM,Bangalore,816399,50421,Petrol, 2nd Owner,2018,Ford
965,Maruti Suzuki Eeco,PLATINUM,Chennai,414299,26035,Petrol, 2nd Owner,2017,Maruti
966,Tata Tiago -,PLATINUM,Chennai,476299,23499,Petrol, 2nd Owner,2018,Tata
967,Maruti Suzuki Baleno,PLATINUM,Chennai,572599,25636,Petrol, 2nd Owner,2016,Maruti
968,Kia Seltos -,PLATINUM,Bangalore,1644799,15023,Petrol, 2nd Owner,2019,Kia
969,Mahindra Jeep CL550,GOLD,Kochi,440000,250,Diesel,,2020,Mahindra
970,Volkswagen Vento Highline,GOLD,Pune,575000,66000,Petrol,,2015,Volkswagen
971,Toyota Innova 2.5,GOLD,Bangalore,880000,85000,Diesel,,2015,Toyota
972,Kia Carnival -,GOLD,Chennai,1500000,50000,Diesel, 1st Owner,2020,Kia
973,Hyundai Creta -,GOLD,Chennai,1000000,12000,Petrol, 1st Owner,2021,Hyundai
974,Chevrolet Beat -,GOLD,Chennai,86000,56000,Petrol,,2011,Chevrolet
975,Maruti Suzuki Wagon,GOLD,Chennai,89000,53000,Petrol,,2010,Maruti
976,Tata Nano CNG,GOLD,Mumbai,90000,28000,Petrol,,2014,Tata
977,Maruti Suzuki Alto,PLATINUM,Bangalore,352199,22584,Petrol, 1st Owner,2015,Maruti
978,Maruti Suzuki Baleno,PLATINUM,Bangalore,566899,22394,Petrol, 2nd Owner,2017,Maruti
979,Maruti Suzuki Dzire,PLATINUM,Chennai,650699,93563,Diesel, 2nd Owner,2017,Maruti
980,Maruti Suzuki Eeco,PLATINUM,Chennai,413399,10537,Petrol, 2nd Owner,2017,Maruti
981,Ford Ecosport -,PLATINUM,Chennai,645799,81515,Diesel, 1st Owner,2016,Ford
982,Jeep Compass -,PLATINUM,Chennai,1551499,24676,Diesel, 2nd Owner,2017,Jeep
983,Maruti Suzuki Alto,PLATINUM,Pune,333699,11917,Petrol, 2nd Owner,2017,Maruti
984,Maruti Suzuki Ertiga,PLATINUM,Pune,811799,69654,Diesel, 2nd Owner,2016,Maruti
985,Maruti Suzuki Alto,PLATINUM,Pune,406899,16226,Petrol, 2nd Owner,2017,Maruti
986,Ford Ecosport -,PLATINUM,Pune,727299,8925,Petrol, 2nd Owner,2018,Ford
987,Honda Jazz -,PLATINUM,Bangalore,657399,27819,Petrol, 2nd Owner,2016,Honda
988,Hyundai Grand i10,PLATINUM,Bangalore,637599,26543,Petrol, 2nd Owner,2020,Hyundai
989,Maruti Suzuki Dzire,PLATINUM,Bangalore,623799,90088,Petrol, 2nd Owner,2017,Maruti
990,Maruti Suzuki Eeco,PLATINUM,Chennai,422899,34258,Petrol, 2nd Owner,2018,Maruti
991,Hyundai i20 Active,PLATINUM,Chennai,576099,101744,Petrol, 2nd Owner,2015,Hyundai
992,Jeep Compass -,PLATINUM,Pune,1987699,19830,Petrol, 2nd Owner,2019,Jeep
993,Ford Ikon -,GOLD,Chennai,39000,73000,Petrol,,2007,Ford
994,Hyundai Grand i10,GOLD,Dhanbad,475000,38000,Diesel,,2019,Hyundai
995,Mahindra XUV 500,GOLD,NaviMumbai,450000,87500,Diesel,,2012,Mahindra
996,Maruti Suzuki Ertiga,GOLD,Nagpur,650000,91000,Diesel,,2014,Maruti
997,Maruti Suzuki Ritz,GOLD,Nagpur,326000,76000,Diesel,,2012,Maruti
998,Tata Indica Vista,GOLD,Nagpur,170000,80000,Diesel,,2011,Tata
999,Maruti Suzuki Eeco,GOLD,Delhi,250000,70000,CNG,,2013,Maruti
1000,Maruti Suzuki Alto,GOLD,Bangalore,88000,85000,Petrol,,2007,Maruti
1001,MG Motors Hector,PLATINUM,Pune,1652199,13636,Petrol, 1st Owner,2019,MG
1002,Hyundai Venue -,PLATINUM,Bangalore,1217499,21393,Petrol, 2nd Owner,2019,Hyundai
1003,Hyundai Creta -,PLATINUM,Pune,1198299,76915,Diesel, 2nd Owner,2017,Hyundai
1004,Hyundai Grand i10,PLATINUM,Chennai,590799,16300,Petrol, 2nd Owner,2018,Hyundai
1005,Hyundai Elite i20,PLATINUM,Pune,844999,40106,Diesel, 2nd Owner,2019,Hyundai
1006,Renault Kwid RXT,PLATINUM,Bangalore,328499,66461,Petrol, 1st Owner,2015,Renault
1007,Hyundai Creta -,PLATINUM,Pune,769599,48182,Petrol, 2nd Owner,2016,Hyundai
1008,Hyundai Elite i20,PLATINUM,Bangalore,654299,41816,Petrol, 1st Owner,2017,Hyundai
1009,Hyundai i20 -,PLATINUM,Chennai,395699,73841,Petrol, 2nd Owner,2012,Hyundai
1010,Renault Kwid RxL,PLATINUM,Chennai,294799,19908,Petrol, 3rd Owner,2016,Renault
1011,Hyundai Elite i20,PLATINUM,Chennai,534499,26226,Petrol, 1st Owner,2018,Hyundai
1012,Maruti Suzuki Baleno,PLATINUM,Chennai,681399,43287,Petrol, 2nd Owner,2016,Maruti
1013,Datsun Redi GO,PLATINUM,Bangalore,415699,26527,Petrol, 2nd Owner,2018,Datsun
1014,Maruti Suzuki Alto,PLATINUM,Bangalore,300199,37801,Petrol, 3rd Owner,2017,Maruti
1015,Maruti Suzuki Vitara,PLATINUM,Chennai,856699,54044,Diesel, 2nd Owner,2017,Maruti
1016,Ford Figo Aspire,PLATINUM,Pune,481399,29632,Petrol, 2nd Owner,2017,Ford
1017,Mahindra Xylo D2,GOLD,Trichy,375000,115000,Diesel,,2009,Mahindra
1018,Maruti Suzuki Eeco,GOLD,Trichy,525000,13000,Petrol,,2020,Maruti
1019,Maruti Suzuki Swift,GOLD,Delhi,550000,42000,Diesel,,2018,Maruti
1020,Hyundai i10 Magna,GOLD,Bangalore,229000,65000,Petrol, 1st Owner,2014,Hyundai
1021,Maruti Suzuki Alto,GOLD,Bangalore,275000,60000,Petrol,,2014,Maruti
1022,Jeep Compass Limited,GOLD,Mahasamund,1750000,31000,Diesel, 1st Owner,2017,Jeep
1023,Jeep Compass Limited,GOLD,Bilaspur,1750000,31000,Diesel, 1st Owner,2017,Jeep
1024,Jeep Compass Limited,GOLD,Jagdalpur,1750000,31000,Diesel, 1st Owner,2017,Jeep
